sequence,conversion_trigger_host_us,ch0_raw,ch1_raw,ch0_adc_input_v,ch1_adc_input_v,ch0_myoware_raw_v_estimate,ch1_myoware_raw_v_estimate,adc_status,adc_crc,read_start_us,read_duration_us,elapsed_slots,active_mask,flags
1,928222,6554,13107,1.00006103515625,1.999969482421875,1.00006103515625,1.999969482421875,,,928229,23,1,3,0
2,928347,6554,13107,1.00006103515625,1.999969482421875,1.00006103515625,1.999969482421875,,,928354,24,1,3,0
3,928472,6554,13107,1.00006103515625,1.999969482421875,1.00006103515625,1.999969482421875,,,928479,24,1,3,0
4,928597,6554,13107,1.00006103515625,1.999969482421875,1.00006103515625,1.999969482421875,,,928605,23,1,3,0
5,928723,6554,13107,1.00006103515625,1.999969482421875,1.00006103515625,1.999969482421875,,,928730,23,1,3,0
6,928848,6554,13107,1.00006103515625,1.999969482421875,1.00006103515625,1.999969482421875,,,928855,24,1,3,0
7,928973,6554,13107,1.00006103515625,1.999969482421875,1.00006103515625,1.999969482421875,,,928980,24,1,3,0
8,929098,6554,13107,1.00006103515625,1.999969482421875,1.00006103515625,1.999969482421875,,,929106,23,1,3,0
9,929224,6554,13107,1.00006103515625,1.999969482421875,1.00006103515625,1.999969482421875,,,929231,23,1,3,0
10,929349,6554,13107,1.00006103515625,1.999969482421875,1.00006103515625,1.999969482421875,,,929356,24,1,3,0
11,929474,6554,13107,1.00006103515625,1.999969482421875,1.00006103515625,1.999969482421875,,,929481,24,1,3,0
12,929599,6554,13107,1.00006103515625,1.999969482421875,1.00006103515625,1.999969482421875,,,929607,23,1,3,0
13,929725,6554,13107,1.00006103515625,1.999969482421875,1.00006103515625,1.999969482421875,,,929732,23,1,3,0
14,929850,6554,13107,1.00006103515625,1.999969482421875,1.00006103515625,1.999969482421875,,,929857,24,1,3,0
15,929975,6554,13107,1.00006103515625,1.999969482421875,1.00006103515625,1.999969482421875,,,929982,24,1,3,0
16,930100,6554,13107,1.00006103515625,1.999969482421875,1.00006103515625,1.999969482421875,,,930108,23,1,3,0
17,930226,6554,13107,1.00006103515625,1.999969482421875,1.00006103515625,1.999969482421875,,,930233,23,1,3,0
18,930351,6554,13107,1.00006103515625,1.999969482421875,1.00006103515625,1.999969482421875,,,930358,24,1,3,0
19,930476,6554,13107,1.00006103515625,1.999969482421875,1.00006103515625,1.999969482421875,,,930483,24,1,3,0
20,930601,6554,13107,1.00006103515625,1.999969482421875,1.00006103515625,1.999969482421875,,,930609,23,1,3,0
21,930727,6554,13107,1.00006103515625,1.999969482421875,1.00006103515625,1.999969482421875,,,930734,23,1,3,0
22,930852,6554,13107,1.00006103515625,1.999969482421875,1.00006103515625,1.999969482421875,,,930860,24,1,3,0
23,930977,6554,13107,1.00006103515625,1.999969482421875,1.00006103515625,1.999969482421875,,,930984,24,1,3,0
24,931102,6554,13107,1.00006103515625,1.999969482421875,1.00006103515625,1.999969482421875,,,931110,23,1,3,0
25,931228,6554,13107,1.00006103515625,1.999969482421875,1.00006103515625,1.999969482421875,,,931235,23,1,3,0
26,931353,6554,13107,1.00006103515625,1.999969482421875,1.00006103515625,1.999969482421875,,,931360,24,1,3,0
27,931478,6554,13107,1.00006103515625,1.999969482421875,1.00006103515625,1.999969482421875,,,931485,24,1,3,0
28,931603,6554,13107,1.00006103515625,1.999969482421875,1.00006103515625,1.999969482421875,,,931611,23,1,3,0
29,931729,6554,13107,1.00006103515625,1.999969482421875,1.00006103515625,1.999969482421875,,,931736,23,1,3,0
30,931854,6554,13107,1.00006103515625,1.999969482421875,1.00006103515625,1.999969482421875,,,931861,24,1,3,0
31,931979,6554,13107,1.00006103515625,1.999969482421875,1.00006103515625,1.999969482421875,,,931986,24,1,3,0
32,932104,6554,13107,1.00006103515625,1.999969482421875,1.00006103515625,1.999969482421875,,,932112,23,1,3,0
33,932230,6554,13107,1.00006103515625,1.999969482421875,1.00006103515625,1.999969482421875,,,932237,23,1,3,0
34,932355,6554,13107,1.00006103515625,1.999969482421875,1.00006103515625,1.999969482421875,,,932362,24,1,3,0
35,932480,6554,13107,1.00006103515625,1.999969482421875,1.00006103515625,1.999969482421875,,,932487,24,1,3,0
36,932605,6554,13107,1.00006103515625,1.999969482421875,1.00006103515625,1.999969482421875,,,932613,26,1,3,0
37,932731,6554,13107,1.00006103515625,1.999969482421875,1.00006103515625,1.999969482421875,,,932738,23,1,3,0
38,932856,6554,13107,1.00006103515625,1.999969482421875,1.00006103515625,1.999969482421875,,,932863,24,1,3,0
39,932981,6554,13107,1.00006103515625,1.999969482421875,1.00006103515625,1.999969482421875,,,932988,24,1,3,0
40,933106,6554,13107,1.00006103515625,1.999969482421875,1.00006103515625,1.999969482421875,,,933114,23,1,3,0
41,933232,6554,13107,1.00006103515625,1.999969482421875,1.00006103515625,1.999969482421875,,,933239,23,1,3,0
42,933357,6554,13107,1.00006103515625,1.999969482421875,1.00006103515625,1.999969482421875,,,933364,24,1,3,0
43,933482,6554,13107,1.00006103515625,1.999969482421875,1.00006103515625,1.999969482421875,,,933489,24,1,3,0
44,933607,6554,13107,1.00006103515625,1.999969482421875,1.00006103515625,1.999969482421875,,,933615,25,1,3,0
45,933733,6554,13107,1.00006103515625,1.999969482421875,1.00006103515625,1.999969482421875,,,933740,24,1,3,0
46,933858,6554,13107,1.00006103515625,1.999969482421875,1.00006103515625,1.999969482421875,,,933865,24,1,3,0
47,933983,6554,13107,1.00006103515625,1.999969482421875,1.00006103515625,1.999969482421875,,,933990,24,1,3,0
48,934108,6554,13107,1.00006103515625,1.999969482421875,1.00006103515625,1.999969482421875,,,934116,23,1,3,0
49,934234,6554,13107,1.00006103515625,1.999969482421875,1.00006103515625,1.999969482421875,,,934241,24,1,3,0
50,934359,6554,13107,1.00006103515625,1.999969482421875,1.00006103515625,1.999969482421875,,,934366,24,1,3,0
51,934484,6554,13107,1.00006103515625,1.999969482421875,1.00006103515625,1.999969482421875,,,934491,24,1,3,0
52,934609,6554,13107,1.00006103515625,1.999969482421875,1.00006103515625,1.999969482421875,,,934617,23,1,3,0
53,934735,6554,13107,1.00006103515625,1.999969482421875,1.00006103515625,1.999969482421875,,,934742,24,1,3,0
54,934860,6554,13107,1.00006103515625,1.999969482421875,1.00006103515625,1.999969482421875,,,934867,24,1,3,0
55,934985,6554,13107,1.00006103515625,1.999969482421875,1.00006103515625,1.999969482421875,,,934992,24,1,3,0
56,935110,6554,13107,1.00006103515625,1.999969482421875,1.00006103515625,1.999969482421875,,,935118,23,1,3,0
57,935236,6554,13107,1.00006103515625,1.999969482421875,1.00006103515625,1.999969482421875,,,935243,24,1,3,0
58,935361,6554,13107,1.00006103515625,1.999969482421875,1.00006103515625,1.999969482421875,,,935368,24,1,3,0
59,935486,6554,13107,1.00006103515625,1.999969482421875,1.00006103515625,1.999969482421875,,,935493,24,1,3,0
60,935612,6554,13107,1.00006103515625,1.999969482421875,1.00006103515625,1.999969482421875,,,935619,23,1,3,0
61,935737,6554,13107,1.00006103515625,1.999969482421875,1.00006103515625,1.999969482421875,,,935744,24,1,3,0
62,935862,6554,13107,1.00006103515625,1.999969482421875,1.00006103515625,1.999969482421875,,,935869,24,1,3,0
63,935987,6554,13107,1.00006103515625,1.999969482421875,1.00006103515625,1.999969482421875,,,935994,24,1,3,0
64,936113,6554,13107,1.00006103515625,1.999969482421875,1.00006103515625,1.999969482421875,,,936120,23,1,3,0
65,936238,6554,13107,1.00006103515625,1.999969482421875,1.00006103515625,1.999969482421875,,,936245,24,1,3,0
66,936363,6554,13107,1.00006103515625,1.999969482421875,1.00006103515625,1.999969482421875,,,936370,24,1,3,0
67,936488,6554,13107,1.00006103515625,1.999969482421875,1.00006103515625,1.999969482421875,,,936495,24,1,3,0
68,936614,6554,13107,1.00006103515625,1.999969482421875,1.00006103515625,1.999969482421875,,,936621,23,1,3,0
69,936739,6554,13107,1.00006103515625,1.999969482421875,1.00006103515625,1.999969482421875,,,936746,24,1,3,0
70,936864,6554,13107,1.00006103515625,1.999969482421875,1.00006103515625,1.999969482421875,,,936871,24,1,3,0
71,936989,6554,13107,1.00006103515625,1.999969482421875,1.00006103515625,1.999969482421875,,,936996,24,1,3,0
72,937115,6554,13107,1.00006103515625,1.999969482421875,1.00006103515625,1.999969482421875,,,937122,23,1,3,0
73,937240,6554,13107,1.00006103515625,1.999969482421875,1.00006103515625,1.999969482421875,,,937247,24,1,3,0
74,937365,6554,13107,1.00006103515625,1.999969482421875,1.00006103515625,1.999969482421875,,,937372,24,1,3,0
75,937490,6554,13107,1.00006103515625,1.999969482421875,1.00006103515625,1.999969482421875,,,937498,23,1,3,0
76,937616,6554,13107,1.00006103515625,1.999969482421875,1.00006103515625,1.999969482421875,,,937623,23,1,3,0
77,937741,6554,13107,1.00006103515625,1.999969482421875,1.00006103515625,1.999969482421875,,,937748,24,1,3,0
78,937866,6554,13107,1.00006103515625,1.999969482421875,1.00006103515625,1.999969482421875,,,937873,24,1,3,0
79,937991,6554,13107,1.00006103515625,1.999969482421875,1.00006103515625,1.999969482421875,,,937998,24,1,3,0
80,938117,6554,13107,1.00006103515625,1.999969482421875,1.00006103515625,1.999969482421875,,,938124,23,1,3,0
81,938242,6554,13107,1.00006103515625,1.999969482421875,1.00006103515625,1.999969482421875,,,938249,24,1,3,0
82,938367,6554,13107,1.00006103515625,1.999969482421875,1.00006103515625,1.999969482421875,,,938374,24,1,3,0
83,938492,6554,13107,1.00006103515625,1.999969482421875,1.00006103515625,1.999969482421875,,,938500,24,1,3,0
84,938618,6554,13107,1.00006103515625,1.999969482421875,1.00006103515625,1.999969482421875,,,938625,23,1,3,0
85,938743,6554,13107,1.00006103515625,1.999969482421875,1.00006103515625,1.999969482421875,,,938750,24,1,3,0
86,938868,6554,13107,1.00006103515625,1.999969482421875,1.00006103515625,1.999969482421875,,,938875,24,1,3,0
87,938993,6554,13107,1.00006103515625,1.999969482421875,1.00006103515625,1.999969482421875,,,939000,24,1,3,0
88,939119,6554,13107,1.00006103515625,1.999969482421875,1.00006103515625,1.999969482421875,,,939126,23,1,3,0
89,939244,6554,13107,1.00006103515625,1.999969482421875,1.00006103515625,1.999969482421875,,,939251,24,1,3,0
90,939369,6554,13107,1.00006103515625,1.999969482421875,1.00006103515625,1.999969482421875,,,939376,24,1,3,0
91,939494,6554,13107,1.00006103515625,1.999969482421875,1.00006103515625,1.999969482421875,,,939503,24,1,3,0
92,939620,6554,13107,1.00006103515625,1.999969482421875,1.00006103515625,1.999969482421875,,,939627,23,1,3,0
93,939745,6554,13107,1.00006103515625,1.999969482421875,1.00006103515625,1.999969482421875,,,939752,24,1,3,0
94,939870,6554,13107,1.00006103515625,1.999969482421875,1.00006103515625,1.999969482421875,,,939877,24,1,3,0
95,939995,6554,13107,1.00006103515625,1.999969482421875,1.00006103515625,1.999969482421875,,,940002,24,1,3,0
96,940121,6554,13107,1.00006103515625,1.999969482421875,1.00006103515625,1.999969482421875,,,940128,23,1,3,0
97,940246,6554,13107,1.00006103515625,1.999969482421875,1.00006103515625,1.999969482421875,,,940253,24,1,3,0
98,940371,6554,13107,1.00006103515625,1.999969482421875,1.00006103515625,1.999969482421875,,,940378,24,1,3,0
99,940496,6554,13107,1.00006103515625,1.999969482421875,1.00006103515625,1.999969482421875,,,940503,24,1,3,0
100,940622,6554,13107,1.00006103515625,1.999969482421875,1.00006103515625,1.999969482421875,,,940629,23,1,3,0
101,940747,6554,13107,1.00006103515625,1.999969482421875,1.00006103515625,1.999969482421875,,,940754,24,1,3,0
102,940872,6554,13107,1.00006103515625,1.999969482421875,1.00006103515625,1.999969482421875,,,940879,24,1,3,0
103,940997,6554,13107,1.00006103515625,1.999969482421875,1.00006103515625,1.999969482421875,,,941004,24,1,3,0
104,941123,6554,13107,1.00006103515625,1.999969482421875,1.00006103515625,1.999969482421875,,,941130,23,1,3,0
105,941248,6554,13107,1.00006103515625,1.999969482421875,1.00006103515625,1.999969482421875,,,941255,24,1,3,0
106,941373,6554,13107,1.00006103515625,1.999969482421875,1.00006103515625,1.999969482421875,,,941380,24,1,3,0
107,941498,6554,13107,1.00006103515625,1.999969482421875,1.00006103515625,1.999969482421875,,,941505,24,1,3,0
108,941624,6554,13107,1.00006103515625,1.999969482421875,1.00006103515625,1.999969482421875,,,941631,26,1,3,0
109,941749,6554,13107,1.00006103515625,1.999969482421875,1.00006103515625,1.999969482421875,,,941756,24,1,3,0
110,941874,6554,13107,1.00006103515625,1.999969482421875,1.00006103515625,1.999969482421875,,,941881,24,1,3,0
111,941999,6554,13107,1.00006103515625,1.999969482421875,1.00006103515625,1.999969482421875,,,942006,24,1,3,0
