Reference,Value,Manufacturer part number,Footprint,Populate
U1,ESP32-S3-WROOM-1-N8R8,ESP32-S3-WROOM-1-N8R8,RF_Module:ESP32-S3-WROOM-1,Yes
C1,100nF,GRM188R71C104KA01D,Capacitor_SMD:C_0603_1608Metric,Yes
C2,10uF,GRM21BR61A106KE19L,Capacitor_SMD:C_0805_2012Metric,Yes
R1,10k,RC0603FR-0710KL,Resistor_SMD:R_0603_1608Metric,Yes
C3,1uF,GRM188R61A105KA61D,Capacitor_SMD:C_0603_1608Metric,Yes
R2,10k,RC0603FR-0710KL,Resistor_SMD:R_0603_1608Metric,Yes
R3,10k,RC0603FR-0710KL,Resistor_SMD:R_0603_1608Metric,Yes
SW2,BOOT,TL3342F160QG,Button_Switch_SMD:SW_SPST_TL3342,Yes
SW3,EN,TL3342F160QG,Button_Switch_SMD:SW_SPST_TL3342,Yes
SW4,BUTTON,TL3342F160QG,Button_Switch_SMD:SW_SPST_TL3342,Yes
J2,microSD,DM3AT-SF-PEJM5,Connector_Card:microSD_HC_Hirose_DM3AT-SF-PEJM5,Yes
R10,10k,RC0603FR-0710KL,Resistor_SMD:R_0603_1608Metric,Yes
R11,10k,RC0603FR-0710KL,Resistor_SMD:R_0603_1608Metric,Yes
R12,10k,RC0603FR-0710KL,Resistor_SMD:R_0603_1608Metric,Yes
R13,10k,RC0603FR-0710KL,Resistor_SMD:R_0603_1608Metric,Yes
R14,10k,RC0603FR-0710KL,Resistor_SMD:R_0603_1608Metric,Yes
R15,33,RC0603FR-0733RL,Resistor_SMD:R_0603_1608Metric,Yes
C10,100nF,GRM188R71C104KA01D,Capacitor_SMD:C_0603_1608Metric,Yes
C11,22uF,GRM21BR61A226ME44L,Capacitor_SMD:C_0805_2012Metric,Yes
J1,USB-C (battery powered),USB4105-GF-A,Connector_USB:USB_C_Receptacle_GCT_USB4105-xx-A_16P_TopMnt_Horizontal,Yes
R20,5.1k,RC0603FR-075K1L,Resistor_SMD:R_0603_1608Metric,Yes
R21,5.1k,RC0603FR-075K1L,Resistor_SMD:R_0603_1608Metric,Yes
R22,33,RC0603FR-0733RL,Resistor_SMD:R_0603_1608Metric,Yes
R23,33,RC0603FR-0733RL,Resistor_SMD:R_0603_1608Metric,Yes
R24,100k,RC0603FR-07100KL,Resistor_SMD:R_0603_1608Metric,Yes
R25,1M,RC0603FR-071ML,Resistor_SMD:R_0603_1608Metric,Yes
R26,10k,RC0603FR-0710KL,Resistor_SMD:R_0603_1608Metric,Yes
Q2,2N7002,"2N7002,215",Package_TO_SOT_SMD:SOT-23,Yes
C12,10nF,GRM188R71H103KA01D,Capacitor_SMD:C_0603_1608Metric,Yes
D1,USB ESD,USBLC6-2SC6,Package_TO_SOT_SMD:SOT-23-6,Yes
J3,FOOT MPU6050,BM08B-GHS-TBT(LF)(SN),Connector_JST:JST_GH_BM08B-GHS-TBT_1x08-1MP_P1.25mm_Vertical,Yes
J4,SHANK MPU6050,BM08B-GHS-TBT(LF)(SN),Connector_JST:JST_GH_BM08B-GHS-TBT_1x08-1MP_P1.25mm_Vertical,Yes
R30,10k,RC0603FR-0710KL,Resistor_SMD:R_0603_1608Metric,Yes
R31,10k,RC0603FR-0710KL,Resistor_SMD:R_0603_1608Metric,Yes
U2,AD7606BSTZ,AD7606BSTZ,Package_QFP:LQFP-64_10x10mm_P0.5mm,Yes
R33,10k,RC0603FR-0710KL,Resistor_SMD:R_0603_1608Metric,Yes
R40,10k,RC0603FR-0710KL,Resistor_SMD:R_0603_1608Metric,Yes
R41,10k,RC0603FR-0710KL,Resistor_SMD:R_0603_1608Metric,Yes
C30,1uF,GRM188R61A105KA61D,Capacitor_SMD:C_0603_1608Metric,Yes
U5,MCP6001T-I/OT,MCP6001T-I/OT,Package_TO_SOT_SMD:SOT-23-5,Yes
R42,100,RC0603FR-07100RL,Resistor_SMD:R_0603_1608Metric,Yes
C31,1uF,GRM188R61A105KA61D,Capacitor_SMD:C_0603_1608Metric,Yes
C32,100nF,GRM188R71C104KA01D,Capacitor_SMD:C_0603_1608Metric,Yes
U3,MCP6004T-I/ST,MCP6004T-I/ST,Package_SO:TSSOP-14_4.4x5mm_P0.65mm,Yes
U4,MCP6004T-I/ST,MCP6004T-I/ST,Package_SO:TSSOP-14_4.4x5mm_P0.65mm,Yes
C33,100nF,GRM188R71C104KA01D,Capacitor_SMD:C_0603_1608Metric,Yes
C34,100nF,GRM188R71C104KA01D,Capacitor_SMD:C_0603_1608Metric,Yes
J5,EMG1,BM03B-GHS-TBT(LF)(SN),Connector_JST:JST_GH_BM03B-GHS-TBT_1x03-1MP_P1.25mm_Vertical,Yes
R100,3.3k,RC0603FR-073K3L,Resistor_SMD:R_0603_1608Metric,Yes
R101,1M,RC0603FR-071ML,Resistor_SMD:R_0603_1608Metric,Yes
C100,47nF,GRM188R71H473KA61D,Capacitor_SMD:C_0603_1608Metric,Yes
D10,BAV199,"BAV199,215",Package_TO_SOT_SMD:SOT-23,Yes
R102,3.3k,RC0603FR-073K3L,Resistor_SMD:R_0603_1608Metric,Yes
C101,47nF,GRM188R71H473KA61D,Capacitor_SMD:C_0603_1608Metric,Yes
R104,100,RC0603FR-07100RL,Resistor_SMD:R_0603_1608Metric,Yes
C102,1nF,GRM1885C1H102JA01D,Capacitor_SMD:C_0603_1608Metric,Yes
J6,EMG2,BM03B-GHS-TBT(LF)(SN),Connector_JST:JST_GH_BM03B-GHS-TBT_1x03-1MP_P1.25mm_Vertical,Yes
R110,3.3k,RC0603FR-073K3L,Resistor_SMD:R_0603_1608Metric,Yes
R111,1M,RC0603FR-071ML,Resistor_SMD:R_0603_1608Metric,Yes
C110,47nF,GRM188R71H473KA61D,Capacitor_SMD:C_0603_1608Metric,Yes
D11,BAV199,"BAV199,215",Package_TO_SOT_SMD:SOT-23,Yes
R112,3.3k,RC0603FR-073K3L,Resistor_SMD:R_0603_1608Metric,Yes
C111,47nF,GRM188R71H473KA61D,Capacitor_SMD:C_0603_1608Metric,Yes
R114,100,RC0603FR-07100RL,Resistor_SMD:R_0603_1608Metric,Yes
C112,1nF,GRM1885C1H102JA01D,Capacitor_SMD:C_0603_1608Metric,Yes
J7,EMG3,BM03B-GHS-TBT(LF)(SN),Connector_JST:JST_GH_BM03B-GHS-TBT_1x03-1MP_P1.25mm_Vertical,Yes
R120,3.3k,RC0603FR-073K3L,Resistor_SMD:R_0603_1608Metric,Yes
R121,1M,RC0603FR-071ML,Resistor_SMD:R_0603_1608Metric,Yes
C120,47nF,GRM188R71H473KA61D,Capacitor_SMD:C_0603_1608Metric,Yes
D12,BAV199,"BAV199,215",Package_TO_SOT_SMD:SOT-23,Yes
R122,3.3k,RC0603FR-073K3L,Resistor_SMD:R_0603_1608Metric,Yes
C121,47nF,GRM188R71H473KA61D,Capacitor_SMD:C_0603_1608Metric,Yes
R124,100,RC0603FR-07100RL,Resistor_SMD:R_0603_1608Metric,Yes
C122,1nF,GRM1885C1H102JA01D,Capacitor_SMD:C_0603_1608Metric,Yes
J8,EMG4,BM03B-GHS-TBT(LF)(SN),Connector_JST:JST_GH_BM03B-GHS-TBT_1x03-1MP_P1.25mm_Vertical,Yes
R130,3.3k,RC0603FR-073K3L,Resistor_SMD:R_0603_1608Metric,Yes
R131,1M,RC0603FR-071ML,Resistor_SMD:R_0603_1608Metric,Yes
C130,47nF,GRM188R71H473KA61D,Capacitor_SMD:C_0603_1608Metric,Yes
D13,BAV199,"BAV199,215",Package_TO_SOT_SMD:SOT-23,Yes
R132,3.3k,RC0603FR-073K3L,Resistor_SMD:R_0603_1608Metric,Yes
C131,47nF,GRM188R71H473KA61D,Capacitor_SMD:C_0603_1608Metric,Yes
R134,100,RC0603FR-07100RL,Resistor_SMD:R_0603_1608Metric,Yes
C132,1nF,GRM1885C1H102JA01D,Capacitor_SMD:C_0603_1608Metric,Yes
J9,PROTECTED 1S BATTERY,BM02B-GHS-TBT(LF)(SN),Connector_JST:JST_GH_BM02B-GHS-TBT_1x02-1MP_P1.25mm_Vertical,Yes
Q1,DMP2035U,DMP2035U-7,Package_TO_SOT_SMD:SOT-23,Yes
SW1,POWER,JS102011SAQN,Button_Switch_SMD:SW_SPDT_CK_JS102011SAQN,Yes
U6,TPS63070RNMR,TPS63070RNMR,RevB:TI_RNM0015A,Yes
L1,1.5uH,XAL4020-152MEC,Inductor_SMD:L_Coilcraft_XAL4020-XXX,Yes
C40,22uF,GRM21BR61A226ME44L,Capacitor_SMD:C_0805_2012Metric,Yes
C41,22uF,GRM21BR61A226ME44L,Capacitor_SMD:C_0805_2012Metric,Yes
C42,22uF,GRM21BR61A226ME44L,Capacitor_SMD:C_0805_2012Metric,Yes
C43,100nF,GRM188R71C104KA01D,Capacitor_SMD:C_0603_1608Metric,Yes
R50,316k,RC0603FR-07316KL,Resistor_SMD:R_0603_1608Metric,Yes
R51,100k,RC0603FR-07100KL,Resistor_SMD:R_0603_1608Metric,Yes
R52,100k,RC0603FR-07100KL,Resistor_SMD:R_0603_1608Metric,Yes
R53,100k,RC0603FR-07100KL,Resistor_SMD:R_0603_1608Metric,Yes
R54,100k,RC0603FR-07100KL,Resistor_SMD:R_0603_1608Metric,Yes
C44,100nF,GRM188R71C104KA01D,Capacitor_SMD:C_0603_1608Metric,Yes
U7,TPS7A2030PDBVR,TPS7A2030PDBVR,Package_TO_SOT_SMD:SOT-23-5,Yes
C45,1uF,GRM188R61A105KA61D,Capacitor_SMD:C_0603_1608Metric,Yes
C46,1uF,GRM188R61A105KA61D,Capacitor_SMD:C_0603_1608Metric,Yes
R60,1k,RC0603FR-071KL,Resistor_SMD:R_0603_1608Metric,Yes
D20,green,LTST-C190KGKT,LED_SMD:LED_0603_1608Metric,Yes
R61,1k,RC0603FR-071KL,Resistor_SMD:R_0603_1608Metric,Yes
D21,red,LTST-C190KRKT,LED_SMD:LED_0603_1608Metric,Yes
R62,1k,RC0603FR-071KL,Resistor_SMD:R_0603_1608Metric,Yes
D22,amber,LTST-C190KSKT,LED_SMD:LED_0603_1608Metric,Yes
J10,Expansion,BM06B-GHS-TBT(LF)(SN),Connector_JST:JST_GH_BM06B-GHS-TBT_1x06-1MP_P1.25mm_Vertical,Yes
H1,M2 mounting,MECHANICAL,MountingHole:MountingHole_2.2mm_M2,Mechanical
H2,M2 mounting,MECHANICAL,MountingHole:MountingHole_2.2mm_M2,Mechanical
H3,M2 mounting,MECHANICAL,MountingHole:MountingHole_2.2mm_M2,Mechanical
C200,100nF,GRM188R71C104KA01D,Capacitor_SMD:C_0603_1608Metric,Yes
C201,100nF,GRM188R71C104KA01D,Capacitor_SMD:C_0603_1608Metric,Yes
C202,100nF,GRM188R71C104KA01D,Capacitor_SMD:C_0603_1608Metric,Yes
C203,10uF,GRM21BR61A106KE19L,Capacitor_SMD:C_0805_2012Metric,Yes
C204,100nF,GRM188R71C104KA01D,Capacitor_SMD:C_0603_1608Metric,Yes
C205,1uF,GRM188R61A105KA61D,Capacitor_SMD:C_0603_1608Metric,Yes
C206,1uF,GRM188R61A105KA61D,Capacitor_SMD:C_0603_1608Metric,Yes
C207,10uF,GRM21BR61A106KE19L,Capacitor_SMD:C_0805_2012Metric,Yes
C208,10uF,GRM21BR61A106KE19L,Capacitor_SMD:C_0805_2012Metric,Yes
U8,TPS60150DRVR,TPS60150DRVR,RevB:TPS60150_DRV0006D,Yes
C210,2.2uF,GRM188R61A225KE15D,Capacitor_SMD:C_0603_1608Metric,Yes
C211,2.2uF,GRM188R61A225KE15D,Capacitor_SMD:C_0603_1608Metric,Yes
C212,1uF,GRM188R61A105KA61D,Capacitor_SMD:C_0603_1608Metric,Yes
