sequence,host_time_estimate_us,sensor_time_unwrapped_us,sensor_timestamp_raw,ax_raw,ay_raw,az_raw,gx_raw,gy_raw,gz_raw,ax_g,ay_g,az_g,gx_dps,gy_dps,gz_dps,temperature_raw,fifo_header,read_start_us,read_end_us,irq_anchor_us,flags,valid
1,930002,5000,5000,2,0,2048,0,0,0,0.0009765625,0.0,1.0,0.0,0.0,0.0,0,104,930412,930670,930002,2,1
2,935002,10000,10000,2,0,2048,0,0,0,0.0009765625,0.0,1.0,0.0,0.0,0.0,0,104,935411,935669,935002,2,1
3,940002,15000,15000,2,0,2048,0,0,0,0.0009765625,0.0,1.0,0.0,0.0,0.0,0,104,940412,940670,940002,2,1
4,945002,20000,20000,2,0,2048,0,0,0,0.0009765625,0.0,1.0,0.0,0.0,0.0,0,104,945411,945669,945002,2,1
5,950002,25000,25000,2,0,2048,0,0,0,0.0009765625,0.0,1.0,0.0,0.0,0.0,0,104,950411,950669,950002,2,1
6,955002,30000,30000,2,0,2048,0,0,0,0.0009765625,0.0,1.0,0.0,0.0,0.0,0,104,955411,955669,955002,2,1
7,960002,35000,35000,2,0,2048,0,0,0,0.0009765625,0.0,1.0,0.0,0.0,0.0,0,104,960411,960669,960002,2,1
8,965002,40000,40000,2,0,2048,0,0,0,0.0009765625,0.0,1.0,0.0,0.0,0.0,0,104,965411,965669,965002,2,1
9,970002,45000,45000,2,0,2048,0,0,0,0.0009765625,0.0,1.0,0.0,0.0,0.0,0,104,970411,970669,970002,2,1
10,975002,50000,50000,2,0,2048,0,0,0,0.0009765625,0.0,1.0,0.0,0.0,0.0,0,104,975411,975669,975003,2,1
11,980002,55000,55000,2,0,2048,0,0,0,0.0009765625,0.0,1.0,0.0,0.0,0.0,0,104,984229,984487,980002,2,1
12,985002,60000,60000,2,0,2048,0,0,0,0.0009765625,0.0,1.0,0.0,0.0,0.0,0,104,985410,985668,985002,2,1
13,990002,65000,65000,2,0,2048,0,0,0,0.0009765625,0.0,1.0,0.0,0.0,0.0,0,104,990413,990671,990002,2,1
14,995002,70000,4464,2,0,2048,0,0,0,0.0009765625,0.0,1.0,0.0,0.0,0.0,0,104,995411,995669,995002,2,1
15,1000002,75000,9464,2,0,2048,0,0,0,0.0009765625,0.0,1.0,0.0,0.0,0.0,0,104,1000411,1000669,1000002,2,1
16,1005002,80000,14464,2,0,2048,0,0,0,0.0009765625,0.0,1.0,0.0,0.0,0.0,0,104,1005411,1005669,1005002,2,1
17,1010002,85000,19464,2,0,2048,0,0,0,0.0009765625,0.0,1.0,0.0,0.0,0.0,0,104,1010411,1010669,1010002,2,1
18,1015002,90000,24464,2,0,2048,0,0,0,0.0009765625,0.0,1.0,0.0,0.0,0.0,0,104,1015411,1015669,1015002,2,1
19,1020002,95000,29464,2,0,2048,0,0,0,0.0009765625,0.0,1.0,0.0,0.0,0.0,0,104,1020411,1020669,1020002,2,1
20,1025002,100000,34464,2,0,2048,0,0,0,0.0009765625,0.0,1.0,0.0,0.0,0.0,0,104,1025411,1025669,1025002,2,1
21,1030002,105000,39464,2,0,2048,0,0,0,0.0009765625,0.0,1.0,0.0,0.0,0.0,0,104,1030411,1030669,1030002,2,1
22,1035002,110000,44464,2,0,2048,0,0,0,0.0009765625,0.0,1.0,0.0,0.0,0.0,0,104,1035411,1035669,1035002,2,1
23,1040002,115000,49464,2,0,2048,0,0,0,0.0009765625,0.0,1.0,0.0,0.0,0.0,0,104,1040411,1040669,1040002,2,1
24,1045002,120000,54464,2,0,2048,0,0,0,0.0009765625,0.0,1.0,0.0,0.0,0.0,0,104,1045411,1045669,1045001,2,1
25,1050002,125000,59464,2,0,2048,0,0,0,0.0009765625,0.0,1.0,0.0,0.0,0.0,0,104,1050412,1050670,1050002,2,1
26,1055002,130000,64464,2,0,2048,0,0,0,0.0009765625,0.0,1.0,0.0,0.0,0.0,0,104,1060071,1060461,1060002,2,1
27,1060002,135000,3928,2,0,2048,0,0,0,0.0009765625,0.0,1.0,0.0,0.0,0.0,0,104,1060071,1060461,1060002,2,1
28,1065002,140000,8928,2,0,2048,0,0,0,0.0009765625,0.0,1.0,0.0,0.0,0.0,0,104,1065411,1065669,1065002,2,1
29,1070002,145000,13928,2,0,2048,0,0,0,0.0009765625,0.0,1.0,0.0,0.0,0.0,0,104,1070411,1070669,1070002,2,1
30,1075002,150000,18928,2,0,2048,0,0,0,0.0009765625,0.0,1.0,0.0,0.0,0.0,0,104,1075411,1075669,1075002,2,1
31,1080002,155000,23928,2,0,2048,0,0,0,0.0009765625,0.0,1.0,0.0,0.0,0.0,0,104,1080411,1080669,1080002,2,1
32,1085002,160000,28928,2,0,2048,0,0,0,0.0009765625,0.0,1.0,0.0,0.0,0.0,0,104,1085411,1085669,1085002,2,1
33,1090002,165000,33928,2,0,2048,0,0,0,0.0009765625,0.0,1.0,0.0,0.0,0.0,0,104,1090411,1090669,1090002,2,1
34,1095002,170000,38928,2,0,2048,0,0,0,0.0009765625,0.0,1.0,0.0,0.0,0.0,0,104,1095411,1095669,1095002,2,1
35,1100002,175000,43928,2,0,2048,0,0,0,0.0009765625,0.0,1.0,0.0,0.0,0.0,0,104,1100411,1100669,1100002,2,1
36,1105002,180000,48928,2,0,2048,0,0,0,0.0009765625,0.0,1.0,0.0,0.0,0.0,0,104,1105413,1105671,1105002,2,1
37,1110002,185000,53928,2,0,2048,0,0,0,0.0009765625,0.0,1.0,0.0,0.0,0.0,0,104,1110411,1110669,1110002,2,1
38,1115002,190000,58928,2,0,2048,0,0,0,0.0009765625,0.0,1.0,0.0,0.0,0.0,0,104,1115456,1115714,1115002,2,1
39,1120002,195000,63928,2,0,2048,0,0,0,0.0009765625,0.0,1.0,0.0,0.0,0.0,0,104,1120411,1120669,1120002,2,1
40,1125002,200000,3392,2,0,2048,0,0,0,0.0009765625,0.0,1.0,0.0,0.0,0.0,0,104,1125412,1125670,1125002,2,1
41,1130002,205000,8392,2,0,2048,0,0,0,0.0009765625,0.0,1.0,0.0,0.0,0.0,0,104,1131920,1132178,1130002,2,1
42,1135002,210000,13392,2,0,2048,0,0,0,0.0009765625,0.0,1.0,0.0,0.0,0.0,0,104,1135411,1135669,1135002,2,1
43,1140002,215000,18392,2,0,2048,0,0,0,0.0009765625,0.0,1.0,0.0,0.0,0.0,0,104,1140411,1140669,1140002,2,1
44,1145002,220000,23392,2,0,2048,0,0,0,0.0009765625,0.0,1.0,0.0,0.0,0.0,0,104,1145411,1145669,1145002,2,1
45,1150002,225000,28392,2,0,2048,0,0,0,0.0009765625,0.0,1.0,0.0,0.0,0.0,0,104,1150411,1150669,1150002,2,1
46,1155002,230000,33392,2,0,2048,0,0,0,0.0009765625,0.0,1.0,0.0,0.0,0.0,0,104,1155411,1155669,1155002,2,1
47,1160002,235000,38392,2,0,2048,0,0,0,0.0009765625,0.0,1.0,0.0,0.0,0.0,0,104,1160411,1160669,1160001,2,1
48,1165002,240000,43392,2,0,2048,0,0,0,0.0009765625,0.0,1.0,0.0,0.0,0.0,0,104,1165411,1165669,1165001,2,1
49,1170002,245000,48392,2,0,2048,0,0,0,0.0009765625,0.0,1.0,0.0,0.0,0.0,0,104,1170411,1170669,1170002,2,1
50,1175002,250000,53392,2,0,2048,0,0,0,0.0009765625,0.0,1.0,0.0,0.0,0.0,0,104,1175413,1175671,1175002,2,1
51,1180002,255000,58392,2,0,2048,0,0,0,0.0009765625,0.0,1.0,0.0,0.0,0.0,0,104,1180411,1180669,1180002,2,1
52,1185002,260000,63392,2,0,2048,0,0,0,0.0009765625,0.0,1.0,0.0,0.0,0.0,0,104,1185411,1185669,1185002,2,1
53,1190002,265000,2856,2,0,2048,0,0,0,0.0009765625,0.0,1.0,0.0,0.0,0.0,0,104,1190411,1190669,1190002,2,1
54,1195002,270000,7856,2,0,2048,0,0,0,0.0009765625,0.0,1.0,0.0,0.0,0.0,0,104,1199760,1200020,1195001,2,1
55,1200002,275000,12856,2,0,2048,0,0,0,0.0009765625,0.0,1.0,0.0,0.0,0.0,0,104,1200449,1200707,1200002,2,1
56,1205002,280000,17856,2,0,2048,0,0,0,0.0009765625,0.0,1.0,0.0,0.0,0.0,0,104,1205411,1205669,1205002,2,1
57,1210002,285000,22856,2,0,2048,0,0,0,0.0009765625,0.0,1.0,0.0,0.0,0.0,0,104,1210411,1210669,1210002,2,1
58,1215002,290000,27856,2,0,2048,0,0,0,0.0009765625,0.0,1.0,0.0,0.0,0.0,0,104,1215411,1215669,1215002,2,1
59,1220002,295000,32856,2,0,2048,0,0,0,0.0009765625,0.0,1.0,0.0,0.0,0.0,0,104,1220411,1220669,1220002,2,1
60,1225002,300000,37856,2,0,2048,0,0,0,0.0009765625,0.0,1.0,0.0,0.0,0.0,0,104,1225411,1225669,1225003,2,1
61,1230002,305000,42856,2,0,2048,0,0,0,0.0009765625,0.0,1.0,0.0,0.0,0.0,0,104,1230410,1230668,1230003,2,1
62,1235002,310000,47856,2,0,2048,0,0,0,0.0009765625,0.0,1.0,0.0,0.0,0.0,0,104,1235411,1235669,1235002,2,1
63,1240002,315000,52856,2,0,2048,0,0,0,0.0009765625,0.0,1.0,0.0,0.0,0.0,0,104,1240415,1240673,1240002,2,1
64,1245002,320000,57856,2,0,2048,0,0,0,0.0009765625,0.0,1.0,0.0,0.0,0.0,0,104,1245411,1245669,1245002,2,1
65,1250002,325000,62856,2,0,2048,0,0,0,0.0009765625,0.0,1.0,0.0,0.0,0.0,0,104,1250412,1250670,1250002,2,1
66,1255002,330000,2320,2,0,2048,0,0,0,0.0009765625,0.0,1.0,0.0,0.0,0.0,0,104,1255412,1255670,1255002,2,1
67,1260002,335000,7320,2,0,2048,0,0,0,0.0009765625,0.0,1.0,0.0,0.0,0.0,0,104,1263604,1263862,1260001,2,1
68,1265002,340000,12320,2,0,2048,0,0,0,0.0009765625,0.0,1.0,0.0,0.0,0.0,0,104,1265410,1265668,1265002,2,1
69,1270002,345000,17320,2,0,2048,0,0,0,0.0009765625,0.0,1.0,0.0,0.0,0.0,0,104,1270411,1270669,1270002,2,1
70,1275002,350000,22320,2,0,2048,0,0,0,0.0009765625,0.0,1.0,0.0,0.0,0.0,0,104,1275411,1275669,1275002,2,1
71,1280002,355000,27320,2,0,2048,0,0,0,0.0009765625,0.0,1.0,0.0,0.0,0.0,0,104,1280411,1280669,1280002,2,1
72,1285002,360000,32320,2,0,2048,0,0,0,0.0009765625,0.0,1.0,0.0,0.0,0.0,0,104,1285411,1285669,1285003,2,1
73,1290002,365000,37320,2,0,2048,0,0,0,0.0009765625,0.0,1.0,0.0,0.0,0.0,0,104,1290410,1290668,1290003,2,1
74,1295002,370000,42320,2,0,2048,0,0,0,0.0009765625,0.0,1.0,0.0,0.0,0.0,0,104,1295413,1295671,1295002,2,1
75,1300002,375000,47320,2,0,2048,0,0,0,0.0009765625,0.0,1.0,0.0,0.0,0.0,0,104,1300413,1300671,1300002,2,1
76,1305002,380000,52320,2,0,2048,0,0,0,0.0009765625,0.0,1.0,0.0,0.0,0.0,0,104,1305411,1305669,1305002,2,1
77,1310002,385000,57320,2,0,2048,0,0,0,0.0009765625,0.0,1.0,0.0,0.0,0.0,0,104,1310411,1310669,1310002,2,1
78,1315002,390000,62320,2,0,2048,0,0,0,0.0009765625,0.0,1.0,0.0,0.0,0.0,0,104,1315411,1315669,1315002,2,1
79,1320002,395000,1784,2,0,2048,0,0,0,0.0009765625,0.0,1.0,0.0,0.0,0.0,0,104,1324413,1324671,1320001,2,1
80,1325002,400000,6784,2,0,2048,0,0,0,0.0009765625,0.0,1.0,0.0,0.0,0.0,0,104,1325411,1325669,1325002,2,1
