Hz,gain_dB,phase_deg,group_delay_us,min_dB,max_dB
1.000000000000000000e+00,-6.026550161311551079e+00,-1.122861014337401958e-01,3.119056268376902494e+02,-6.113848114221838159e+00,-5.940121039174933948e+00
1.039122303835169125e+00,-6.026550824426314179e+00,-1.166789894461156690e-01,3.119056147171425550e+02,-6.113848924510538296e+00,-5.940121570941304441e+00
1.079775162327709648e+00,-6.026551540441107413e+00,-1.212437369963163675e-01,3.119055890349396805e+02,-6.113849799440066235e+00,-5.940122145129384634e+00
1.122018454301963342e+00,-6.026552313576019948e+00,-1.259870675812627128e-01,3.119055613039346895e+02,-6.113850744167136142e+00,-5.940122765123375892e+00
1.165914401179831472e+00,-6.026553148387824521e+00,-1.309159677311794723e-01,3.119055313606932032e+02,-6.113851764259848665e+00,-5.940123434577436967e+00
1.211527658628588133e+00,-6.026554049796795098e+00,-1.360376972994073452e-01,3.119054990287279452e+02,-6.113852865730492248e+00,-5.940124157437248975e+00
1.258925411794166838e+00,-6.026555023115696130e+00,-1.413598001546952643e-01,3.119054641174839162e+02,-6.113854055070975235e+00,-5.940124937963244811e+00
1.308177474260193707e+00,-6.026556074081160119e+00,-1.468901152917108655e-01,3.119054264212007865e+02,-6.113855339291109026e+00,-5.940125780755756146e+00
1.359356390878525112e+00,-6.026557208887414419e+00,-1.526367883761174937e-01,3.119053857176963902e+02,-6.113856725959896821e+00,-5.940126690782088659e+00
1.412537544622753716e+00,-6.026558434222858196e+00,-1.586082837412094160e-01,3.119053417670810973e+02,-6.113858223250163704e+00,-5.940127673405806163e+00
1.467799267622068804e+00,-6.026559757309439824e+00,-1.648133968537545124e-01,3.119052943103077951e+02,-6.113859839986712785e+00,-5.940128734418371970e+00
1.525222956539018071e+00,-6.026561185945237042e+00,-1.712612672673878567e-01,3.119052430676778727e+02,-6.113861585698345813e+00,-5.940129880073228286e+00
1.584893192461112488e+00,-6.026562728550429959e+00,-1.779613920826116635e-01,3.119051877371807677e+02,-6.113863470674014700e+00,-5.940131117122728455e+00
1.646897865482867207e+00,-6.026564394216892495e+00,-1.849236399332019609e-01,3.119051279927066389e+02,-6.113865506023453911e+00,-5.940132452857844747e+00
1.711328304161779501e+00,-6.026566192761809937e+00,-1.921582655195938905e-01,3.119050634821326753e+02,-6.113867703742709381e+00,-5.940133895151231691e+00
1.778279410038921426e+00,-6.026568134785524222e+00,-1.996759247106215385e-01,3.119049938252469474e+02,-6.113870076784736263e+00,-5.940135452503527702e+00
1.847849797422289386e+00,-6.026570231734000416e+00,-2.074876902358177289e-01,3.119049186115063321e+02,-6.113872639135849774e+00,-5.940137134093549598e+00
1.920141938638799894e+00,-6.026572495966318499e+00,-2.156050679913499024e-01,3.119048373976178254e+02,-6.113875405898099302e+00,-5.940138949832319604e+00
1.995262314968877737e+00,-6.026574940827468474e+00,-2.240400139835608539e-01,3.119047497049265871e+02,-6.113878393378256781e+00,-5.940140910421512821e+00
2.073321573485952918e+00,-6.026577580727049188e+00,-2.328049519350231522e-01,3.119046550165938925e+02,-6.113881619183979765e+00,-5.940143027416540100e+00
2.154434690031881150e+00,-6.026580431224144441e+00,-2.419127915789802130e-01,3.119045527745474828e+02,-6.113885102327537346e+00,-5.940145313294605600e+00
2.238721138568336766e+00,-6.026583509119056714e+00,-2.513769476690576044e-01,3.119044423762011888e+02,-6.113888863337865409e+00,-5.940147781528288817e+00
2.326305067153623174e+00,-6.026586832552308870e+00,-2.612113597321719660e-01,3.119043231708963049e+02,-6.113892924381570282e+00,-5.940150446664924644e+00
2.417315480804100858e+00,-6.026590421111563955e+00,-2.714305125936521956e-01,3.119041944560731849e+02,-6.113897309393566459e+00,-5.940153324412349889e+00
2.511886431509577022e+00,-6.026594295947051094e+00,-2.820494577047126250e-01,3.119040554731213319e+02,-6.113902044218121112e+00,-5.940156431731472786e+00
2.610157215682533227e+00,-6.026598479896221328e+00,-2.930838353035931099e-01,3.119039054029211115e+02,-6.113907156761174910e+00,-5.940159786936234809e+00
2.712272579332024147e+00,-6.026602997618360824e+00,-3.045498974428909600e-01,3.119037433610091057e+02,-6.113912677154800690e+00,-5.940163409801543004e+00
2.818382931264449276e+00,-6.026607875739872000e+00,-3.164645319168766791e-01,3.119035683923718807e+02,-6.113918637934789402e+00,-5.940167321679826529e+00
2.928644564625231705e+00,-6.026613143011248397e+00,-3.288452871238908282e-01,3.119033794657995600e+02,-6.113925074232370527e+00,-5.940171545626858673e+00
3.043219887107716737e+00,-6.026618830476464517e+00,-3.417103979002837910e-01,3.119031754678378547e+02,-6.113932023981285546e+00,-5.940176106537640166e+00
3.162277660168373750e+00,-6.026624971655953011e+00,-3.550788123637679261e-01,3.119029551962083247e+02,-6.113939528141298041e+00,-5.940181031293131575e+00
3.285993247600648370e+00,-6.026631602744166649e+00,-3.689702198055173077e-01,3.119027173527247214e+02,-6.113947630939619238e+00,-5.940186348918651049e+00
3.414548873833595177e+00,-6.026638762822827289e+00,-3.834050796718720400e-01,3.119024605356440816e+02,-6.113956380131499557e+00,-5.940192090754957022e+00
3.548133892335747497e+00,-6.026646494091302486e+00,-3.984046516780779257e-01,3.119021832314193716e+02,-6.113965827281690579e+00,-5.940198290642921819e+00
3.686945064519568049e+00,-6.026654842115243937e+00,-4.139910270981327356e-01,3.119018838057588709e+02,-6.113976028068281998e+00,-5.940204985122978343e+00
3.831186849557279839e+00,-6.026663856095143323e+00,-4.301871612765010289e-01,3.119015604940138928e+02,-6.113987042610832034e+00,-5.940212213650484685e+00
3.981071705534964256e+00,-6.026673589156249733e+00,-4.470169074092312789e-01,3.119012113907814410e+02,-6.113998935824611181e+00,-5.940220018828185289e+00
4.136820402388497797e+00,-6.026684098661637456e+00,-4.645050516438208321e-01,3.119008344386609224e+02,-6.114011777803175285e+00,-5.940228446657328298e+00
4.298662347082267132e+00,-6.026695446550244029e+00,-4.826773495490773724e-01,3.119004274161462718e+02,-6.114025644231335654e+00,-5.940237546808714519e+00
4.466835921509621166e+00,-6.026707699701859156e+00,-5.015605640081866046e-01,3.118999879245494640e+02,-6.114040616831203145e+00,-5.940247372915456125e+00
4.641588833612768639e+00,-6.026720930331225468e+00,-5.211825045902247489e-01,3.118995133738308709e+02,-6.114056783843675902e+00,-5.940257982888967447e+00
4.823178482239296017e+00,-6.026735216413557694e+00,-5.415720684574677479e-01,3.118990009673776740e+02,-6.114074240548401207e+00,-5.940269439260280393e+00
5.011872336272711337e+00,-6.026750642144048875e+00,-5.627592828680325621e-01,3.118984476855155208e+02,-6.114093089825180627e+00,-5.940281809548510594e+00
5.207948328595451315e+00,-6.026767298433935771e+00,-5.847753493356450116e-01,3.118978502677171036e+02,-6.114113442760155337e+00,-5.940295166658696502e+00
5.411695265464623539e+00,-6.026785283446178809e+00,-6.076526895106706405e-01,3.118972051933941998e+02,-6.114135419300263941e+00,-5.940309589311448590e+00
5.623413251903476962e+00,-6.026804703173883837e+00,-6.314249928489769070e-01,3.118965086611686388e+02,-6.114159148959999790e+00,-5.940325162506765011e+00
5.843414133735160831e+00,-6.026825672064754613e+00,-6.561272661376945647e-01,3.118957565664787239e+02,-6.114184771584392664e+00,-5.940341978024902048e+00
6.072021956909869012e+00,-6.026848313695464476e+00,-6.817958849495486806e-01,3.118949444774025892e+02,-6.114212438172943465e+00,-5.940360134967170858e+00
6.309573444801914732e+00,-6.026872761499658893e+00,-7.084686471001138131e-01,3.118940676085525183e+02,-6.114242311769134020e+00,-5.940379740339825965e+00
6.556418494179769851e+00,-6.026899159554137242e+00,-7.361848281851173237e-01,3.118931207929057905e+02,-6.114274568420939637e+00,-5.940400909684557362e+00
6.812920690579592709e+00,-6.026927663427603221e+00,-7.649852392777931609e-01,3.118920984513619032e+02,-6.114309398217877778e+00,-5.940423767759252627e+00
7.079457843841358233e+00,-6.026958441097168162e+00,-7.949122868692363175e-01,3.118909945599123148e+02,-6.114347006410691954e+00,-5.940448449273000975e+00
7.356422544596391333e+00,-6.026991673937854621e+00,-8.260100351377758221e-01,3.118898026141492892e+02,-6.114387614620357958e+00,-5.940475099679748183e+00
7.644222742525979442e+00,-6.027027557791027057e+00,-8.583242706365304953e-01,3.118885155909837295e+02,-6.114431462143370410e+00,-5.940503876035176489e+00
7.943282347242790919e+00,-6.027066304117949969e+00,-8.919025694915675428e-01,3.118871259073109172e+02,-6.114478807361108714e+00,-5.940534947921945808e+00
8.254041852680158442e+00,-6.027108141245300921e+00,-9.267943672064272720e-01,3.118856253753539818e+02,-6.114529929261507846e+00,-5.940568498448683066e+00
8.576958985908913036e+00,-6.027153315709997017e+00,-9.630510311722275674e-01,3.118840051544850098e+02,-6.114585129081955728e+00,-5.940604725328583413e+00
8.912509381337425651e+00,-6.027202093711130360e+00,-1.000725935986111592e+00,3.118822556992060413e+02,-6.114644732083156953e+00,-5.940643842043997758e+00
9.261187281287902806e+00,-6.027254762677625166e+00,-1.039874541684435716e+00,3.118803667029675353e+02,-6.114709089464206215e+00,-5.940686079103874917e+00
9.623506263980852182e+00,-6.027311632960852705e+00,-1.080554475000848225e+00,3.118783270375366214e+02,-6.114778580430353827e+00,-5.940731685401374307e+00
9.999999999999964473e+00,-6.027373039662036192e+00,-1.122825613763229535e+00,3.118761246875289430e+02,-6.114853614425350692e+00,-5.940780929679700506e+00
1.039122303835165440e+01,-6.027439344605300953e+00,-1.166750174547406704e+00,3.118737466797473985e+02,-6.114934633541672326e+00,-5.940834102114744830e+00
1.079775162327705651e+01,-6.027510938467818491e+00,-1.212392803709564149e+00,3.118711790068779237e+02,-6.115022115122597413e+00,-5.940891516023821595e+00
1.122018454301959167e+01,-6.027588243079708086e+00,-1.259820671923370439e+00,3.118684065451337801e+02,-6.115116574571527686e+00,-5.940953509710563907e+00
1.165914401179827209e+01,-6.027671713906989304e+00,-1.309103572352032341e+00,3.118654129653595533e+02,-6.115218568384889863e+00,-5.941020448456764136e+00
1.211527658628583737e+01,-6.027761842732338948e+00,-1.360314022589727667e+00,3.118621806370396143e+02,-6.115328697426497762e+00,-5.941092726672888347e+00
1.258925411794162308e+01,-6.027859160549208895e+00,-1.413527370511189929e+00,3.118586905247137224e+02,-6.115447610462434014e+00,-5.941170770219904362e+00
1.308177474260188866e+01,-6.027964240686357833e+00,-1.468821904172598281e+00,3.118549220761453284e+02,-6.115576007977177930e+00,-5.941255038915945974e+00
1.359356390878520138e+01,-6.028077702181042774e+00,-1.526278965911314067e+00,3.118508531016212828e+02,-6.115714646293360701e+00,-5.941346029242630777e+00
1.412537544622748520e+01,-6.028200213420632281e+00,-1.585983070796483485e+00,3.118464596436588181e+02,-6.115864342019071032e+00,-5.941444277266812790e+00
1.467799267622063475e+01,-6.028332496073923963e+00,-1.648022029586936554e+00,3.118417158363834005e+02,-6.116025976848805001e+00,-5.941550361794888602e+00
1.525222956539012564e+01,-6.028475329335166499e+00,-1.712487076357299021e+00,3.118365937537647028e+02,-6.116200502746028889e+00,-5.941664907778165805e+00
1.584893192461106715e+01,-6.028629554505590349e+00,-1.779473000957625173e+00,3.118310632458021132e+02,-6.116388947537563681e+00,-5.941788589989203118e+00
1.646897865482861434e+01,-6.028796079939109376e+00,-1.849078286476230071e+00,3.118250917617444316e+02,-6.116592420952377651e+00,-5.941922136990615222e+00
1.711328304161773417e+01,-6.028975886381182647e+00,-1.921405251879679810e+00,3.118186441593193763e+02,-6.116812121139954428e+00,-5.942066335419536216e+00
1.778279410038915032e+01,-6.029170032731812512e+00,-1.996560200008051122e+00,3.118116824988499047e+02,-6.117049341706064070e+00,-5.942222034612782089e+00
1.847849797422282592e+01,-6.029379662266292073e+00,-2.074653571107577754e+00,3.118041658211134859e+02,-6.117305479306928362e+00,-5.942390151599700410e+00
1.920141938638792922e+01,-6.029606009349937068e+00,-2.155800102086602887e+00,3.117960499075971939e+02,-6.117582041845603946e+00,-5.942571676491834154e+00
1.995262314968870498e+01,-6.029850406685738129e+00,-2.240118991684264760e+00,3.117872870218958496e+02,-6.117880657318378823e+00,-5.942767678300820755e+00
2.073321573485945635e+01,-6.030114293137041059e+00,-2.327734071744667954e+00,3.117778256306576736e+02,-6.118203083361980710e+00,-5.942979311218322458e+00
2.154434690031873600e+01,-6.030399222170622409e+00,-2.418773984792001563e+00,3.117676101025163575e+02,-6.118551217557089750e+00,-5.943207821394663526e+00
2.238721138568329039e+01,-6.030706870968991495e+00,-2.513372368104605403e+00,3.117565803833770701e+02,-6.118927108547271843e+00,-5.943454554255342082e+00
2.326305067153614914e+01,-6.031039050264647372e+00,-2.611668044487764462e+00,3.117446716460960374e+02,-6.119332968037591414e+00,-5.943720962398161056e+00
2.417315480804091976e+01,-6.031397714953026679e+00,-2.713805219946238356e+00,3.117318139126560368e+02,-6.119771183741637088e+00,-5.944008614116439659e+00
2.511886431509567430e+01,-6.031784975545337879e+00,-2.819933688458051702e+00,3.117179316467020271e+02,-6.120244333351315902e+00,-5.944319202597924345e+00
2.610157215682523457e+01,-6.032203110527055934e+00,-2.930209044050624101e+00,3.117029433141022423e+02,-6.120755199609234865e+00,-5.944654555852340039e+00
2.712272579332014288e+01,-6.032654579693175201e+00,-3.044792900378953782e+00,3.116867609091584086e+02,-6.121306786569759240e+00,-5.945016647425045875e+00
2.818382931264439151e+01,-6.033142038536469798e+00,-3.163853118002981635e+00,3.116692894437563837e+02,-6.121902337141255757e+00,-5.945407607958403950e+00
2.928644564625221136e+01,-6.033668353771092896e+00,-3.287564039557350437e+00,3.116504263966819508e+02,-6.122545352009103325e+00,-5.945829737667436277e+00
3.043219887107705546e+01,-6.034236620079913571e+00,-3.416106733001298856e+00,3.116300611200285289e+02,-6.123239610046452341e+00,-5.946285519801222996e+00
3.162277660168362203e+01,-6.034850178180921176e+00,-3.549669243129234708e+00,3.116080741995064614e+02,-6.123989190328012810e+00,-5.946777635167364906e+00
3.285993247600636380e+01,-6.035512634315008285e+00,-3.688446851513235814e+00,3.115843367651073095e+02,-6.124798495870312109e+00,-5.947308977802259200e+00
3.414548873833582832e+01,-6.036227881265302742e+00,-3.832642345037218234e+00,3.115587097484479386e+02,-6.125672279231507922e+00,-5.947882671876566718e+00
3.548133892335734885e+01,-6.037000121026433241e+00,-3.982466293168285709e+00,3.115310430827850610e+02,-6.126615670113327639e+00,-5.948502089932104830e+00
3.686945064519554904e+01,-6.037833889250824981e+00,-4.138137334093690001e+00,3.115011748414668773e+02,-6.127634205118140720e+00,-5.949170872553218636e+00
3.831186849557266072e+01,-6.038734081608736481e+00,-4.299882469831230125e+00,3.114689303102490499e+02,-6.128733859825667096e+00,-5.949892949583994728e+00
3.981071705534949956e+01,-6.039705982208580792e+00,-4.467937370396645846e+00,3.114341209886511592e+02,-6.129921083365124090e+00,-5.950672563010627414e+00
4.136820402388482876e+01,-6.040755294234902095e+00,-4.642546687082877988e+00,3.113965435152131249e+02,-6.131202835671613727e+00,-5.951514291637193033e+00
4.298662347082251500e+01,-6.041888172972875282e+00,-4.823964374872575789e+00,3.113559785110882672e+02,-6.132586627628827003e+00,-5.952423077692831299e+00
4.466835921509604646e+01,-6.043111261399984890e+00,-5.012454023966201433e+00,3.113121893362114179e+02,-6.134080564313949324e+00,-5.953404255518006671e+00
4.641588833612750875e+01,-6.044431728538862458e+00,-5.208289200362973048e+00,3.112649207518136905e+02,-6.135693391576150901e+00,-5.954463582488843443e+00
4.823178482239276832e+01,-6.045857310778504079e+00,-5.411753795379814491e+00,3.112138974827433344e+02,-6.137434546195230212e+00,-5.955607272349466186e+00
5.011872336272691797e+01,-6.047396356385846161e+00,-5.623142383933570798e+00,3.111588226726259450e+02,-6.139314209883944606e+00,-5.956842031135025195e+00
5.207948328595431065e+01,-6.049057873444655620e+00,-5.842760591343266974e+00,3.110993762246031338e+02,-6.141343367414844323e+00,-5.958175095880652528e+00
5.411695265464602755e+01,-6.050851581475047425e+00,-6.070925468330925945e+00,3.110352130199158296e+02,-6.143533869170527240e+00,-5.959614276325516435e+00
5.623413251903455290e+01,-6.052787967003567360e+00,-6.307965873810170265e+00,3.109659610062423098e+02,-6.145898498435400370e+00,-5.961167999835730313e+00
5.843414133735138449e+01,-6.054878343371656868e+00,-6.554222864950672189e+00,3.108912191473667121e+02,-6.148451043766607782e+00,-5.962845359784928689e+00
6.072021956909846097e+01,-6.057134915088868254e+00,-6.810050093891584666e+00,3.108105552253378505e+02,-6.151206376802264231e+00,-5.964656167648073826e+00
6.309573444801891640e+01,-6.059570847056255261e+00,-7.075814210347183497e+00,3.107235034859449456e+02,-6.154180535886066394e+00,-5.966611009080323491e+00
6.556418494179746403e+01,-6.062200339005643812e+00,-7.351895269201404126e+00,3.106295621180190096e+02,-6.157390815908840409e+00,-5.968721304271241479e+00
6.812920690579568372e+01,-6.065038705520883866e+00,-7.638687142022621224e+00,3.105281905568311913e+02,-6.160855864789308356e+00,-5.970999372882863199e+00
7.079457843841332476e+01,-6.068102462028467592e+00,-7.936597931244451232e+00,3.104188066015483969e+02,-6.164595787038344099e+00,-5.973458503899603755e+00
7.356422544596364332e+01,-6.071409417166430345e+00,-8.246050385549718698e+00,3.103007833366584691e+02,-6.168632254872660425e+00,-5.976113030738117615e+00
7.644222742525951730e+01,-6.074978771962552315e+00,-8.567482314761445394e+00,3.101734458471182734e+02,-6.172988627365568526e+00,-5.978978411985893970e+00
7.943282347242761432e+01,-6.078831226274225230e+00,-8.901347002283344523e+00,3.100360677169961718e+02,-6.177690078142751062e+00,-5.982071318158455497e+00
8.254041852680127533e+01,-6.082989092964736777e+00,-9.248113612841100561e+00,3.098878673016905623e+02,-6.182763732151053127e+00,-5.985409724886961769e+00
8.576958985908881061e+01,-6.087476420311364933e+00,-9.608267592951120761e+00,3.097280037639518468e+02,-6.188238812045685933e+00,-5.989013012969604866e+00
8.912509381337392256e+01,-6.092319123161351158e+00,-9.982311061182414846e+00,3.095555728645270506e+02,-6.194146794757353192e+00,-5.992902075742198242e+00
9.261187281287868700e+01,-6.097545123370541553e+00,-1.037076318487703297e+01,3.093696024990401270e+02,-6.200521578813198431e+00,-5.997099434245000360e+00
9.623506263980816300e+01,-6.103184500076793029e+00,-1.077416053955119857e+01,3.091690479736495831e+02,-6.207399662994594003e+00,-6.001629360683931935e+00
9.999999999999927525e+01,-6.109269650374723248e+00,-1.119305744670956670e+01,3.089527870134365344e+02,-6.214820336918868371e+00,-6.006518010704376742e+00
1.039122303835161603e+02,-6.115835460969849535e+00,-1.162802628526547899e+01,3.087196144991762026e+02,-6.222825884130553042e+00,-6.011793565014845520e+00
1.079775162327701707e+02,-6.122919491397169622e+00,-1.207965777116694284e+01,3.084682369302923348e+02,-6.231461798278621345e+00,-6.017486380914150779e+00
1.122018454301955046e+02,-6.130562169391549077e+00,-1.254856119917771373e+01,3.081972666145425706e+02,-6.240777012938949042e+00,-6.023629154290450316e+00
1.165914401179823017e+02,-6.138806998992817121e+00,-1.303536464005245676e+01,3.079052155881751673e+02,-6.250824145613274929e+00,-6.030257092670970209e+00
1.211527658628579331e+02,-6.147700781956393357e+00,-1.354071508557034598e+01,3.075904892743588448e+02,-6.261659756395588694e+00,-6.037408099908201820e+00
1.258925411794157725e+02,-6.157293853019174534e+00,-1.406527853305135700e+01,3.072513798924123876e+02,-6.273344621742555027e+00,-6.045122973089409157e+00
1.308177474260184283e+02,-6.167640329537750432e+00,-1.460974000007050044e+01,3.068860596359299961e+02,-6.285944023712596973e+00,-6.053445612251190155e+00
1.359356390878515413e+02,-6.178798375970659507e+00,-1.517480345910691852e+01,3.064925736447218014e+02,-6.299528054947169942e+00,-6.062423243467787159e+00
1.412537544622743724e+02,-6.190830483615284763e+00,-1.576119168081678623e+01,3.060688328031233709e+02,-6.314171939553492763e+00,-6.072106655859069946e+00
1.467799267622058608e+02,-6.203803765931283465e+00,-1.636964597350235806e+01,3.056126064063914782e+02,-6.329956369908051883e+00,-6.082550453030379778e+00
1.525222956539007555e+02,-6.217790269682314630e+00,-1.700092580516770724e+01,3.051215147473404272e+02,-6.346967859230088216e+00,-6.093813319408881490e+00
1.584893192461101421e+02,-6.232867302004295951e+00,-1.765580829330994916e+01,3.045930216873850895e+02,-6.365299109570756286e+00,-6.105958301878089856e+00
1.646897865482855821e+02,-6.249117773356989147e+00,-1.833508754630095083e+01,3.040244272898328290e+02,-6.385049394622602570e+00,-6.119053107030888228e+00
1.711328304161767733e+02,-6.266630556133315544e+00,-1.903957383888062793e+01,3.034128606088232232e+02,-6.406324956470167642e+00,-6.133170414258588110e+00
1.778279410038909134e+02,-6.285500858483009878e+00,-1.977009260292408754e+01,3.027552727446541780e+02,-6.429239415072860453e+00,-6.148388204766712661e+00
1.847849797422276765e+02,-6.305830612650106026e+00,-2.052748321328170178e+01,3.020484302957886484e+02,-6.453914188889704917e+00,-6.164790106452934459e+00
1.920141938638786883e+02,-6.327728876822849458e+00,-2.131259754714961474e+01,3.012889093592426661e+02,-6.480478924619541559e+00,-6.182465754396338831e+00
1.995262314968864246e+02,-6.351312249144904776e+00,-2.212629829414082039e+01,3.004730902547462961e+02,-6.509071933533708609e+00,-6.201511166484370285e+00
2.073321573485939098e+02,-6.376705292135108394e+00,-2.296945699303346444e+01,2.995971531736490761e+02,-6.539840631319763453e+00,-6.222029133441717264e+00
2.154434690031866921e+02,-6.404040965303355648e+00,-2.384295177012293721e+01,2.986570749811366454e+02,-6.572941977729884755e+00,-6.244129622218562936e+00
2.238721138568322147e+02,-6.433461063230363486e+00,-2.474766475325376192e+01,2.976486274293851011e+02,-6.608542911636398287e+00,-6.267930191339818435e+00
2.326305067153607808e+02,-6.465116655795015710e+00,-2.568447913502632218e+01,2.965673770698737712e+02,-6.646820776337973413e+00,-6.293556416408145004e+00
2.417315480804084871e+02,-6.499168526582152161e+00,-2.665427585844028258e+01,2.954086871841364541e+02,-6.687963729137257118e+00,-6.321142323486874659e+00
2.511886431509560111e+02,-6.535787604786515992e+00,-2.765792989844204186e+01,2.941677220834747573e+02,-6.732171128327467002e+00,-6.350830827561364522e+00
2.610157215682515925e+02,-6.575155385144094922e+00,-2.869630611359069405e+01,2.928394541583389810e+02,-6.779653889791163124e+00,-6.382774172684744229e+00
2.712272579332006330e+02,-6.617464329575336812e+00,-2.977025464345987871e+01,2.914186740862545548e+02,-6.830634804440068208e+00,-6.417134369755775225e+00
2.818382931264430908e+02,-6.662918243320597789e+00,-3.088060582957681532e+01,2.899000046314615133e+02,-6.885348806728165627e+00,-6.454083627150311031e+00
2.928644564625212752e+02,-6.711732617396423350e+00,-3.202816464079695180e+01,2.882779184884757910e+02,-6.944043183472620839e+00,-6.493804768636284308e+00
3.043219887107696877e+02,-6.764134928216436471e+00,-3.321370458816618765e+01,2.865467606331362731e+02,-7.006977711246859641e+00,-6.536491632147599873e+00
3.162277660168353464e+02,-6.820364884220481372e+00,-3.443796111967130713e+01,2.847007756460037058e+02,-7.074424709702249459e+00,-6.582349442082287894e+00
3.285993247600627569e+02,-6.880674608365197287e+00,-3.570162449196588739e+01,2.827341404614998055e+02,-7.146668997370114518e+00,-6.631595146833875631e+00
3.414548873833573452e+02,-6.945328744378812758e+00,-3.700533212431017205e+01,2.806410029688576628e+02,-7.224007735844177880e+00,-6.684457712277433572e+00
3.548133892335725363e+02,-7.014604473810027940e+00,-3.834966044969200993e+01,2.784155268444848730e+02,-7.306750147799199624e+00,-6.741178360932076785e+00
3.686945064519545099e+02,-7.088791430149541384e+00,-3.973511628948109120e+01,2.760519429267083069e+02,-7.395217094127538360e+00,-6.802010745534847302e+00
3.831186849557255982e+02,-7.168191495724914652e+00,-4.116212779105197939e+01,2.735446073494377970e+02,-7.489740495637230211e+00,-6.867221044818856868e+00
3.981071705534939156e+02,-7.253118466722766833e+00,-4.263103498257279256e+01,2.708880665285937539e+02,-7.590662585323251221e+00,-6.937087968428805596e+00
4.136820402388472075e+02,-7.343897571640622957e+00,-4.414208001551173055e+01,2.680771289416362606e+02,-7.698334978266777817e+00,-7.011902657175129505e+00
4.298662347082240558e+02,-7.440864828782570939e+00,-4.569539718318387855e+01,2.651069434547416108e+02,-7.813117547802277407e+00,-7.091968464276593664e+00
4.466835921509593277e+02,-7.544366229157068560e+00,-4.729100282257013532e+01,2.619730837340621861e+02,-7.935377098776763560e+00,-7.177600602928190021e+00
4.641588833612739222e+02,-7.654756732381834183e+00,-4.892878522629244742e+01,2.586716380286249546e+02,-8.065485831554429552e+00,-7.269125645521921086e+00
4.823178482239264895e+02,-7.772399065012134400e+00,-5.060849471150456935e+01,2.551993033358558023e+02,-8.203819593919405406e+00,-7.366880860210256898e+00
5.011872336272679149e+02,-7.897662313139336199e+00,-5.232973401189670426e+01,2.515534826629654219e+02,-8.350755922199104120e+00,-7.471213371305901241e+00
5.207948328595417706e+02,-8.030920304193898573e+00,-5.409194917723335294e+01,2.477323837867082261e+02,-8.506671877740393128e+00,-7.582479131324902255e+00
5.411695265464588829e+02,-8.172549776648132536e+00,-5.589442118093652567e+01,2.437351176019079446e+02,-8.671941690252252144e+00,-7.701041694365940771e+00
5.623413251903440369e+02,-8.322928340737705710e+00,-5.773625844918651495e+01,2.395617938500140554e+02,-8.846934225372613980e+00,-7.827270783028623669e+00
5.843414133735122959e+02,-8.482432238362227039e+00,-5.961639053377091102e+01,2.352136117496571899e+02,-9.032010299971343414e+00,-7.961540644243180864e+00
6.072021956909829896e+02,-8.651433915901179716e+00,-6.153356315438399093e+01,2.306929428306336547e+02,-9.227519874969534186e+00,-8.104228193227092092e+00
6.309573444801874302e+02,-8.830299429665442901e+00,-6.348633483322267068e+01,2.260034031210857961e+02,-9.433799161602312466e+00,-8.255710949285511191e+00
6.556418494179728214e+02,-9.019385709928084083e+00,-6.547307533462137030e+01,2.211499117750165055e+02,-9.651167682810301685e+00,-8.416364772282554085e+00
6.812920690579549046e+02,-9.219037715727742111e+00,-6.749196610439132371e+01,2.161387332720488246e+02,-9.879925336524307156e+00,-8.586561414241019818e+00
7.079457843841312297e+02,-9.429585518666238286e+00,-6.954100287703626293e+01,2.109775004892054255e+02,-1.012034951171382424e+01,-8.766665906547995490e+00
7.356422544596343869e+02,-9.651341359450318791e+00,-7.161800058402485547e+01,2.056752162454948234e+02,-1.037269231091852362e+01,-8.957033809477488617e+00
7.644222742525929561e+02,-9.884596725662525785e+00,-7.372060065315005772e+01,2.002422313581771789e+02,-1.063717793432057235e+01,-9.158008356973054376e+00
7.943282347242738979e+02,-1.012961950289546920e+01,-7.584628073851682473e+01,1.946901978200836254e+02,-1.091400028004460054e+01,-9.369917535609372905e+00
8.254041852680104512e+02,-1.038665125367285391e+01,-7.799236686417454223e+01,1.890319963966610146e+02,-1.120332081316157513e+01,-9.593071142092776782e+00
8.576958985908858040e+02,-1.065590467927505181e+01,-8.015604790363373411e+01,1.832816387265442870e+02,-1.150526675178078939e+01,-9.827757868272460229e+00
8.912509381337368950e+02,-1.093756131851273494e+01,-8.233439225467100187e+01,1.774541448581424845e+02,-1.181992961269584974e+01,-1.007424246612508512e+01
9.261187281287844826e+02,-1.123176953455079641e+01,-8.452436650645064731e+01,1.715653980277776611e+02,-1.214736415146225212e+01,-1.033276304727617223e+01
9.623506263980791573e+02,-1.153864283607252261e+01,-8.672285583677923171e+01,1.656319793372630329e+02,-1.248758772278154972e+01,-1.060352857210456889e+01
9.999999999999901092e+02,-1.185825857248389781e+01,-8.892668582398832200e+01,1.596709857737727134e+02,-1.284058007699013793e+01,-1.088671658217451998e+01
1.039122303835158846e+03,-1.219065703468697137e+01,-9.113264531309302185e+01,1.536998356865821904e+02,-1.320628359770881843e+01,-1.118247122656908665e+01
1.079775162327698808e+03,-1.253584098348836307e+01,-9.333750994174330629e+01,1.477360663532109868e+02,-1.358460397475262482e+01,-1.149090162766313661e+01
1.122018454301952033e+03,-1.289377561732459476e+01,-9.553806590983377589e+01,1.417971285992882713e+02,-1.397541129569408191e+01,-1.181208062508346579e+01
1.165914401179819833e+03,-1.326438898010769307e+01,-9.773113356859767009e+01,1.359001835610118860e+02,-1.437854152946569819e+01,-1.214604392826314339e+01
1.211527658628576091e+03,-1.364757279908214649e+01,-9.991359041100621141e+01,1.300619065884903591e+02,-1.479379836648278612e+01,-1.249278969840856846e+01
1.258925411794154343e+03,-1.404318373209972748e+01,-1.020823930650114448e+02,1.242983029881420691e+02,-1.522095537230114815e+01,-1.285227857023865106e+01
1.308177474260180588e+03,-1.445104499409645982e+01,-1.042345979235705329e+02,1.186245398120742749e+02,-1.565975840604268576e+01,-1.322443411295746607e+01
1.359356390878511547e+03,-1.487094832417531087e+01,-1.063673800888025198e+02,1.130547972524160087e+02,-1.610992825087469171e+01,-1.360914371904746289e+01
1.412537544622739688e+03,-1.530265624786263423e+01,-1.084780503598650938e+02,1.076021424286314385e+02,-1.657116340176359870e+01,-1.400625989907774027e+01
1.467799267622054231e+03,-1.574590458402509441e+01,-1.105640700526596305e+02,1.022784275109904968e+02,-1.704314295549025005e+01,-1.441560195124043098e+01
1.525222956539003007e+03,-1.620040514271709498e+01,-1.126230635015594430e+02,9.709421325057371632e+01,-1.752552954937783980e+01,-1.483695796612849804e+01
1.584893192461096760e+03,-1.666584855888478600e+01,-1.146528281562876685e+02,9.205871813077739318e+01,-1.801797229813867318e+01,-1.527008712064198370e+01
1.646897865482850875e+03,-1.714190720729786221e+01,-1.166513422483000681e+02,8.717979255776046443e+01,-1.852010968243782685e+01,-1.571472221005483227e+01
1.711328304161762389e+03,-1.762823814614944240e+01,-1.186167700582965381e+02,8.246391680097852372e+01,-1.903157234791451202e+01,-1.617057236428837186e+01
1.778279410038903507e+03,-1.812448604023063936e+01,-1.205474648679549716e+02,7.791622080450004262e+01,-1.955198577919968628e+01,-1.663732589331641520e+01
1.847849797422270740e+03,-1.863028601918110638e+01,-1.224419697232689543e+02,7.354052353016450638e+01,-2.008097281963468461e+01,-1.711465320727755568e+01
1.920141938638780630e+03,-1.914526643174734133e+01,-1.242990161730908767e+02,6.933938917093708199e+01,-2.061815601366255635e+01,-1.760220975911814278e+01
1.995262314968857709e+03,-1.966905146295352935e+01,-1.261175211742266526e+02,6.531419738446415124e+01,-2.116315975500085855e+01,-1.809963896120349247e+01
2.073321573485932277e+03,-2.020126358732347782e+01,-1.278965823737183172e+02,6.146522463338147446e+01,-2.171561222951755354e+01,-1.860657503204080498e+01
2.154434690031859645e+03,-2.074152583753372880e+01,-1.296354719901850672e+02,5.779173376577575283e+01,-2.227514714707258392e+01,-1.912264573476413076e+01
2.238721138568314473e+03,-2.128946387390857709e+01,-1.313336295199582651e+02,5.429206910805657316e+01,-2.284140526134962101e+01,-1.964747497504495044e+01
2.326305067153599794e+03,-2.184470784581238334e+01,-1.329906534911392839e+02,5.096375455347331496e+01,-2.341403568082125020e+01,-2.018068523233448275e+01
2.417315480804076287e+03,-2.240689404112049843e+01,-1.346062924806610965e+02,4.780359239240565472e+01,-2.399269697743820373e+01,-2.072189980456582958e+01
2.511886431509551130e+03,-2.297566632446793733e+01,-1.361804355970214147e+02,4.480776092614414807e+01,-2.457705810241100863e+01,-2.127074485243259261e+01
2.610157215682506376e+03,-2.355067736883447793e+01,-1.377131026156604889e+02,4.197190921696844867e+01,-2.516679912058902957e+01,-2.182685123494517043e+01
2.712272579331996440e+03,-2.413158968821061023e+01,-1.392044339359903802e+02,3.929124763907753959e+01,-2.576161177648254608e+01,-2.238985613301984046e+01
2.818382931264420677e+03,-2.471807648161347970e+01,-1.406546805097698893e+02,3.676063319549868424e+01,-2.636119990597803309e+01,-2.295940446229395349e+01
2.928644564625201838e+03,-2.530982230062127769e+01,-1.420641938706687597e+02,3.437464884635099338e+01,-2.696527970833052379e+01,-2.353515008013768295e+01
3.043219887107685736e+03,-2.590652355391974027e+01,-1.434334163751463791e+02,3.212767634747158496e+01,-2.757357989315102742e+01,-2.411675679493687596e+01
3.162277660168341754e+03,-2.650788886316852810e+01,-1.447628717457250787e+02,3.001396232157611621e+01,-2.818584171690920925e+01,-2.470389918816833585e+01
3.285993247600615177e+03,-2.711363928486571240e+01,-1.460531559897868306e+02,2.802767747500309170e+01,-2.880181892300993951e+01,-2.529626326161587002e+01
3.414548873833560720e+03,-2.772350841288637824e+01,-1.473049287504469760e+02,2.616296903165541110e+01,-2.942127759883629068e+01,-2.589354692333644792e+01
3.548133892335712062e+03,-2.833724237606361385e+01,-1.485189051310606203e+02,2.441400658326447726e+01,-3.004399596233809788e+01,-2.649546032674294338e+01
3.686945064519531115e+03,-2.895459974463248187e+01,-1.496958480215883469e+02,2.277502165370600551e+01,-3.066976408983072133e+01,-2.710172607749287721e+01
3.831186849557241658e+03,-2.957535135862894293e+01,-1.508365609434189594e+02,2.124034134772076499e+01,-3.129838359569585649e+01,-2.771207932283085995e+01
3.981071705534924604e+03,-3.019928009047717055e+01,-1.519418814192825948e+02,1.980441650410616461e+01,-3.192966727367739210e+01,-2.832626773769307960e+01
4.136820402388457296e+03,-3.082618055305806237e+01,-1.530126748665160505e+02,1.846184480356130564e+01,-3.256343870847047839e+01,-2.894405142131123654e+01
4.298662347082225097e+03,-3.145585876356469868e+01,-1.540498290050512367e+02,1.720738929518982019e+01,-3.319953186533001599e+01,-2.956520271730640914e+01
4.466835921509577020e+03,-3.208813177245099979e+01,-1.550542487659658661e+02,1.603599280615626199e+01,-3.383779066449448436e+01,-3.018950596939443543e+01
4.641588833612722738e+03,-3.272282726579133794e+01,-1.560268516821189166e+02,1.494278868906630642e+01,-3.447806854634259111e+01,-3.081675722387616645e+01
4.823178482239248297e+03,-3.335978314841165115e+01,-1.569685637391554565e+02,1.392310834370758954e+01,-3.512022803238235014e+01,-3.144676388909712372e+01
5.011872336272662324e+03,-3.399884711424159178e+01,-1.578803156628578677e+02,1.297248592612484153e+01,-3.576414028641912779e+01,-3.207934436106201304e+01
5.207948328595400199e+03,-3.463987620948123691e+01,-1.587630396173177871e+02,1.208666063040055505e+01,-3.640968467956319188e+01,-3.271432762340439382e+01
5.411695265464571094e+03,-3.528273639338329559e+01,-1.596176662875697048e+02,1.126157689851923038e+01,-3.705674836211834844e+01,-3.335155282896014484e+01
5.623413251903421951e+03,-3.592730210072435426e+01,-1.604451223200541392e+02,1.049338288261047403e+01,-3.770522584483973816e+01,-3.399086886928865425e+01
5.843414133735103860e+03,-3.657345580937904117e+01,-1.612463280944566293e+02,9.778427452617680871e+00,-3.835501859155796467e+01,-3.463213393763757608e+01
6.072021956909809887e+03,-3.722108761581782943e+01,-1.620221958010095307e+02,9.113256011849570015e+00,-3.900603462473525695e+01,-3.527521509006218281e+01
6.309573444801853839e+03,-3.787009482082027034e+01,-1.627736277981634032e+02,8.494605353446139873e+00,-3.965818814514294388e+01,-3.591998780869155183e+01
6.556418494179706613e+03,-3.852038152722835918e+01,-1.635015152265634697e+02,7.919397763002226753e+00,-4.031139916652345789e+01,-3.656633557048238714e+01
6.812920690579527218e+03,-3.917185825115505082e+01,-1.642067368564484298e+02,7.384734546636768648e+00,-4.096559316582133903e+01,-3.721414942421605332e+01
7.079457843841290014e+03,-3.982444154770681877e+01,-1.648901581468691688e+02,6.887889139855943199e+00,-4.162070074932952224e+01,-3.786332757797343618e+01
7.356422544596320222e+03,-4.047805365197213945e+01,-1.655526304964666622e+02,6.426299930719714837e+00,-4.227665733489759248e+01,-3.851377499886260125e+01
7.644222742525905232e+03,-4.113262213576521731e+01,-1.661949906669143218e+02,5.997562911038843758e+00,-4.293340285018182101e+01,-3.916540302637084636e+01
7.943282347242713513e+03,-4.178807958039187298e+01,-1.668180603614976008e+02,5.599424251602502345e+00,-4.359088144677965460e+01,-3.981812900036374003e+01
8.254041852680078591e+03,-4.244436326551841177e+01,-1.674226459426470228e+02,5.229772881614217717e+00,-4.424904122998029266e+01,-4.047187590445159344e+01
8.576958985908830073e+03,-4.310141487406894356e+01,-1.680095382735466956e+02,4.886633138568760693e+00,-4.490783400377377887e+01,-4.112657202518739297e+01
8.912509381337338709e+03,-4.375918021295114357e+01,-1.685795126701969195e+02,4.568157542514232006e+00,-4.556721503069260848e+01,-4.178215062734184926e+01
9.261187281287813676e+03,-4.441760894930753523e+01,-1.691333289515058595e+02,4.272619737946985019e+00,-4.622714280600673931e+01,-4.243854964531973906e+01
9.623506263980760195e+03,-4.507665436190943353e+01,-1.696717315761173097e+02,3.998407637313184715e+00,-4.688757884575591106e+01,-4.309571139063027800e+01
9.999999999999869033e+03,-4.573627310724831574e+01,-1.701954498557473414e+02,3.744016792095678170e+00,-4.754848748807663839e+01,-4.375358227520160881e+01
1.039122303835155435e+04,-4.639642499983361290e+01,-1.707051982357953932e+02,3.508044010635787302e+00,-4.820983570726671985e+01,-4.441211255023027604e+01
1.079775162327695398e+04,-4.705707280617266974e+01,-1.712016766349220518e+02,3.289181236044796286e+00,-4.887159294002303511e+01,-4.507125606017880415e+01
1.122018454301948623e+04,-4.771818205188809259e+01,-1.716855708361432846e+02,3.086209692653232750e+00,-4.953373092328885718e+01,-4.573097001147479546e+01
1.165914401179816196e+04,-4.837972084141624407e+01,-1.721575529227783647e+02,2.897994305378669644e+00,-5.019622354315384882e+01,-4.639121475542070527e+01
1.211527658628572317e+04,-4.904165968972663592e+01,-1.726182817533184561e+02,2.723478392990309249e+00,-5.085904669426056302e+01,-4.705195358479316070e+01
1.258925411794150386e+04,-4.970397136550638351e+01,-1.730684034699460767e+02,2.561678633483655432e+00,-5.152217814918686400e+01,-4.771315254359051750e+01
1.308177474260176496e+04,-5.036663074526165929e+01,-1.735085520360441365e+02,2.411680297526497263e+00,-5.218559743729152700e+01,-4.837478024937820464e+01
1.359356390878507227e+04,-5.102961467780220062e+01,-1.739393497985880117e+02,2.272632744156218632e+00,-5.284928573253119310e+01,-4.903680772767881990e+01
1.412537544622735186e+04,-5.169290185859152587e+01,-1.743614080718151342e+02,2.143745171495061719e+00,-5.351322574977881885e+01,-4.969920825785884233e+01
1.467799267622049592e+04,-5.235647271346476117e+01,-1.747753277390258688e+02,2.024282614195819008e+00,-5.417740164919774060e+01,-5.036195722997355517e+01
1.525222956538998187e+04,-5.302030929123883851e+01,-1.751816998697794361e+02,1.913562178534119029e+00,-5.484179894824998769e+01,-5.102503201204655170e+01
1.584893192461091894e+04,-5.368439516476234985e+01,-1.755811063501230365e+02,1.810949505517218894e+00,-5.550640444094267423e+01,-5.168841182727756234e+01
1.646897865482845737e+04,-5.434871533997763748e+01,-1.759741205238268833e+02,1.715855452029803496e+00,-5.617120612394180057e+01,-5.235207764069354397e+01
1.711328304161757114e+04,-5.501325617259325895e+01,-1.763613078429000609e+02,1.627732979843842909e+00,-5.683619312920856714e+01,-5.301601205478038992e+01
1.778279410038898277e+04,-5.567800529199062964e+01,-1.767432265259321866e+02,1.546074242273192567e+00,-5.750135566283890398e+01,-5.368019921365740288e+01
1.847849797422265328e+04,-5.634295153201576767e+01,-1.771204282230484353e+02,1.470407858303497628e+00,-5.816668494981229287e+01,-5.434462471538228101e+01
1.920141938638774809e+04,-5.700808486833268773e+01,-1.774934586864805510e+02,1.400296364182090025e+00,-5.883217318438134669e+01,-5.500927553200084219e+01
1.995262314968851570e+04,-5.767339636204258113e+01,-1.778628584459504793e+02,1.335333832658931241e+00,-5.949781348585842977e+01,-5.567413993698303898e+01
2.073321573485925910e+04,-5.833887810929813611e+01,-1.782291634882317055e+02,1.275143650345054613e+00,-6.016359985958018086e+01,-5.633920743971429346e+01
2.154434690031853097e+04,-5.900452319666948142e+01,-1.785929059404057284e+02,1.219376443965195733e+00,-6.082952716285507222e+01,-5.700446872673848020e+01
2.238721138568307651e+04,-5.967032566204353827e+01,-1.789546147564636271e+02,1.167708146620604515e+00,-6.149559107572292760e+01,-5.766991560947744233e+01
2.326305067153592609e+04,-6.033628046086448649e+01,-1.793148164070179291e+02,1.119838195540862280e+00,-6.216178807637899695e+01,-5.833554097817845729e+01
2.417315480804069011e+04,-6.100238343754830339e+01,-1.796740355719908848e+02,1.075487853180012277e+00,-6.282811542113820735e+01,-5.900133876186974646e+01
2.511886431509543763e+04,-6.166863130192963638e+01,-1.800327958362334755e+02,1.034398643894062886e+00,-6.349457112883827392e+01,-5.966730389413051938e+01
2.610157215682499009e+04,-6.233502161062376956e+01,-1.803916203880999092e+02,9.963308988176935443e-01,-6.416115396960327644e+01,-6.033343228451009566e+01
2.712272579331988891e+04,-6.300155275321146320e+01,-1.807510327210668493e+02,9.610624019464367729e-01,-6.482786345791141969e+01,-6.099972079545690207e+01
2.818382931264412764e+04,-6.366822394317893696e+01,-1.811115573385342259e+02,9.283871307992890287e-01,-6.549469984993382354e+01,-6.166616722464573996e+01
2.928644564625193743e+04,-6.433503521356942656e+01,-1.814737204619839588e+02,8.981140854082928504e-01,-6.616166414513303096e+01,-6.233277029261798674e+01
3.043219887107677278e+04,-6.500198741732756957e+01,-1.818380507427013129e+02,8.700661997380031432e-01,-6.682875809213297202e+01,-6.299952963567632480e+01
3.162277660168333023e+04,-6.566908223234194963e+01,-1.822050799772809455e+02,8.440793299816645723e-01,-6.749598419889422019e+01,-6.366644580400220121e+01
3.285993247600606264e+04,-6.633632217121603958e+01,-1.825753438271487994e+02,8.200013145138009829e-01,-6.816334574725175344e+01,-6.433352026499110821e+01
3.414548873833551625e+04,-6.700371059582211331e+01,-1.829493825423266458e+02,7.976911005971323299e-01,-6.883084681189485821e+01,-6.500075541182725658e+01
3.548133892335702694e+04,-6.767125173671834659e+01,-1.833277416896569321e+02,7.770179332451492282e-01,-6.949849228389291511e+01,-6.566815457734657002e+01
3.686945064519521111e+04,-6.833895071753376271e+01,-1.837109728856792970e+02,7.578606019313995912e-01,-7.016628789889408324e+01,-6.633572205326424864e+01
3.831186849557230744e+04,-6.900681358445248748e+01,-1.840996345343195344e+02,7.401067411114701233e-01,-7.083424027014842750e+01,-6.700346311487001572e+01
3.981071705534913053e+04,-6.967484734095398835e+01,-1.844942925695053191e+02,7.236521807836343578e-01,-7.150235692653210151e+01,-6.767138405132330092e+01
4.136820402388444927e+04,-7.034305998799365511e+01,-1.848955212027665027e+02,7.084003435606375243e-01,-7.217064635577420972e+01,-6.833949220170782723e+01
4.298662347082212364e+04,-7.101146056983455424e+01,-1.853039036758090390e+02,6.942616849574527738e-01,-7.283911805311467447e+01,-6.900779599703494682e+01
4.466835921509563923e+04,-7.168005922577026467e+01,-1.857200330179665002e+02,6.811531738189680052e-01,-7.350778257564799389e+01,-6.967630500841394792e+01
4.641588833612708549e+04,-7.234886724800641389e+01,-1.861445128083371401e+02,6.689978100166604769e-01,-7.417665160263565838e+01,-7.034503000163820730e+01
4.823178482239233563e+04,-7.301789714599883041e+01,-1.865779579422980703e+02,6.577241767381248883e-01,-7.484573800209831518e+01,-7.101398299846640327e+01
5.011872336272646498e+04,-7.368716271757614322e+01,-1.870209954019570375e+02,6.472660248739730005e-01,-7.551505590402842927e+01,-7.168317734490996429e+01
5.207948328595383646e+04,-7.435667912720577988e+01,-1.874742650299500042e+02,6.375618871761921103e-01,-7.618462078059394571e+01,-7.235262778686970364e+01
5.411695265464553813e+04,-7.502646299179399136e+01,-1.879384203058208413e+02,6.285547200238298382e-01,-7.685444953373475130e+01,-7.302235055349780168e+01
5.623413251903404307e+04,-7.569653247444352928e+01,-1.884141291240213434e+02,6.201915707780981668e-01,-7.752456059058550863e+01,-7.369236344869486288e+01
5.843414133735085488e+04,-7.636690738662505851e+01,-1.889020745723496191e+02,6.124232688505926170e-01,-7.819497400719063762e+01,-7.436268595118549740e+01
6.072021956909791334e+04,-7.703760929925286405e+01,-1.894029557093929839e+02,6.052041387373253700e-01,-7.886571158101071433e+01,-7.503333932365114833e+01
6.309573444801834557e+04,-7.770866166318914736e+01,-1.899174883392598758e+02,5.984917333937465056e-01,-7.953679697275261162e+01,-7.570434673143327586e+01
6.556418494179686240e+04,-7.838008993973564031e+01,-1.904464057815704905e+02,5.922465864396594393e-01,-8.020825583809005366e+01,-7.637573337135560791e+01
6.812920690579505754e+04,-7.905192174170595365e+01,-1.909904596343201035e+02,5.864319817883367758e-01,-8.088011596987453800e+01,-7.704752661124916813e+01
7.079457843841267459e+04,-7.972418698570558604e+01,-1.915504205268364615e+02,5.810137393942794715e-01,-8.155240745147079906e+01,-7.771975614079836703e+01
7.356422544596296211e+04,-8.039691805628044108e+01,-1.921270788596105774e+02,5.759600159058555491e-01,-8.222516282188303194e+01,-7.839245413436043464e+01
7.644222742525881040e+04,-8.107014998262657457e+01,-1.927212455272919840e+02,5.712411190960352547e-01,-8.289841725337076639e+01,-7.906565542644366928e+01
7.943282347242688411e+04,-8.174392062858423458e+01,-1.933337526205968118e+02,5.668293350251547569e-01,-8.357220874228227103e+01,-7.973939770056023235e+01
8.254041852680052398e+04,-8.241827089666759321e+01,-1.939654541022746628e+02,5.626987669656485780e-01,-8.424657831386214468e+01,-8.041372169219837929e+01
8.576958985908803879e+04,-8.309324494690578433e+01,-1.946172264516178529e+02,5.588251851899443956e-01,-8.492157024181304337e+01,-8.108867140668368734e+01
8.912509381337312516e+04,-8.376889043129204993e+01,-1.952899692712635442e+02,5.551858867883403548e-01,-8.559723228341246681e+01,-8.176429435272032720e+01
9.261187281287786027e+04,-8.444525874465230686e+01,-1.959846058492347254e+02,5.517595647492479216e-01,-8.627361593099973902e+01,-8.244064179241847512e+01
9.623506263980730728e+04,-8.512240529275329948e+01,-1.967020836682850700e+02,5.485261855901985006e-01,-8.695077668065727039e+01,-8.311776900862314221e+01
9.999999999999838474e+04,-8.580038977847044634e+01,-1.974433748536467021e+02,5.469260135195194161e-01,-8.762877431890925095e+01,-8.379573559036002450e+01
