channel,source_ohm,source_v,loaded_raw_v,adc_v,predicted_v,ideal_code
1,0,0,0.0,0.0199979802039994,0.0199979802039994,131
2,0,0,0.0,0.0199979802039994,0.0199979802039994,131
1,0,0.02,0.02,0.0199979802039994,0.0199979802039994,131
2,0,0.02,0.02,0.0199979802039994,0.0199979802039994,131
1,0,0.1,0.1,0.09998990102139686,0.099989901019997,655
2,0,0.1,0.1,0.09998990102139686,0.099989901019997,655
1,0,1,1.0,0.9998990102004699,0.9998990101999699,6553
2,0,1,1.0,0.9998990102004699,0.9998990101999699,6553
1,0,1.5,1.5,1.499848515299955,1.4998485152999548,9829
2,0,1.5,1.5,1.499848515299955,1.4998485152999548,9829
1,0,2,2.0,1.9997980203994399,1.9997980203999397,13106
2,0,2,2.0,1.9997980203994399,1.9997980203999397,13106
1,0,2.9,2.9,2.8997071295785135,2.8997071295799124,19004
2,0,2.9,2.9,2.8997071295785135,2.8997071295799124,19004
1,0,2.98,2.98,2.9796990503944305,2.97969905039591,19528
2,0,2.98,2.98,2.9796990503944305,2.97969905039591,19528
1,0,3,3.0,2.9796990503959107,2.97969905039591,19528
2,0,3,3.0,2.9796990503959107,2.97969905039591,19528
1,100,0,0.00014998500149985002,0.0199979802039994,0.0199979802039994,131
2,100,0,0.00014998500149985002,0.0199979802039994,0.0199979802039994,131
1,100,0.02,0.02014798520147985,0.02014595046048335,0.02014595046048334,132
2,100,0.02,0.02014798520147985,0.02014595046048335,0.02014595046048334,132
1,100,0.1,0.10013998600139987,0.10012987288423858,0.10012987288423857,656
2,100,0.1,0.10013998600139987,0.10012987288423858,0.10012987288423857,656
1,100,1,1.0000499950005,0.9999490001514849,0.9999490001514848,6553
2,100,1,1.0000499950005,0.9999490001514849,0.9999490001514848,6553
1,100,1.5,1.5,1.499848515299955,1.4998485152999548,9829
2,100,1.5,1.5,1.499848515299955,1.4998485152999548,9829
1,100,2,1.9999500049995,1.9997480304484256,1.999748030448425,13106
2,100,2,1.9999500049995,1.9997480304484256,1.999748030448425,13106
1,100,2.9,2.8998600139986,2.8995671577156714,2.899567157715671,19003
2,100,2.9,2.8998600139986,2.8995671577156714,2.899567157715671,19003
1,100,2.98,2.9798520147985204,2.9795510801394265,2.9795510801394265,19527
2,100,2.98,2.9798520147985204,2.9795510801394265,2.9795510801394265,19527
1,100,3,2.9998500149985,2.9796990503959107,2.97969905039591,19528
2,100,3,2.9998500149985,2.9796990503959107,2.97969905039591,19528
1,10000,0,0.01485148514851485,0.0199979802039994,0.0199979802039994,131
2,10000,0,0.01485148514851485,0.0199979802039994,0.0199979802039994,131
1,10000,0.02,0.034653465346534656,0.03464996569999896,0.03464996569999896,227
2,10000,0.02,0.034653465346534656,0.03464996569999896,0.03464996569999896,227
1,10000,0.1,0.11386138613861387,0.11384988729999657,0.11384988729999658,746
2,10000,0.1,0.11386138613861387,0.11384988729999657,0.11384988729999658,746
1,10000,1,1.004950495049505,1.0048490052999695,1.0048490052999697,6585
2,10000,1,1.004950495049505,1.0048490052999695,1.0048490052999697,6585
1,10000,1.5,1.5,1.4998485152999548,1.4998485152999548,9829
2,10000,1.5,1.5,1.4998485152999548,1.4998485152999548,9829
1,10000,2,1.995049504950495,1.99484802529994,1.9948480252999399,13073
2,10000,2,1.995049504950495,1.99484802529994,1.9948480252999399,13073
1,10000,2.9,2.886138613861386,2.8858471432999133,2.885847143299913,18913
2,10000,2.9,2.886138613861386,2.8858471432999133,2.885847143299913,18913
1,10000,2.98,2.9653465346534653,2.9650470648999105,2.9650470648999105,19432
2,10000,2.98,2.9653465346534653,2.9650470648999105,2.9650470648999105,19432
1,10000,3,2.985148514851485,2.9796990503959107,2.97969905039591,19528
2,10000,3,2.985148514851485,2.9796990503959107,2.97969905039591,19528
