Ref,Val,Package,PosX,PosY,Rot,Side
"C1","100nF","C_0603_1608Metric",11.500000,-39.750000,0.000000,top
"C2","10uF","C_0805_2012Metric",4.250000,-28.000000,0.000000,top
"C3","1uF","C_0603_1608Metric",24.250000,-10.250000,0.000000,top
"C10","100nF","C_0603_1608Metric",37.000000,-26.500000,0.000000,top
"C11","22uF","C_0805_2012Metric",41.250000,-29.750000,0.000000,top
"C12","10nF","C_0603_1608Metric",32.250000,-20.000000,0.000000,top
"C30","1uF","C_0603_1608Metric",60.000000,-47.750000,0.000000,top
"C31","1uF","C_0603_1608Metric",64.250000,-45.750000,0.000000,top
"C32","100nF","C_0603_1608Metric",63.750000,-37.000000,0.000000,top
"C33","100nF","C_0603_1608Metric",61.750000,-18.250000,0.000000,top
"C34","100nF","C_0603_1608Metric",48.500000,-36.250000,0.000000,top
"C40","22uF","C_0805_2012Metric",8.000000,-27.750000,0.000000,top
"C41","22uF","C_0805_2012Metric",8.000000,-34.250000,0.000000,top
"C42","22uF","C_0805_2012Metric",8.000000,-36.500000,0.000000,top
"C43","100nF","C_0603_1608Metric",4.500000,-31.000000,0.000000,top
"C44","100nF","C_0603_1608Metric",31.250000,-7.750000,0.000000,top
"C45","1uF","C_0603_1608Metric",49.000000,-41.250000,0.000000,top
"C46","1uF","C_0603_1608Metric",52.000000,-46.750000,0.000000,top
"C100","47nF","C_0603_1608Metric",60.750000,-9.750000,90.000000,top
"C101","47nF","C_0603_1608Metric",59.000000,-9.750000,90.000000,top
"C102","1nF","C_0603_1608Metric",47.250000,-15.500000,90.000000,top
"C110","47nF","C_0603_1608Metric",63.000000,-15.750000,90.000000,top
"C111","47nF","C_0603_1608Metric",58.250000,-29.000000,90.000000,top
"C112","1nF","C_0603_1608Metric",42.250000,-22.750000,90.000000,top
"C200","100nF","C_0603_1608Metric",41.500000,-20.250000,0.000000,top
"C201","100nF","C_0603_1608Metric",61.750000,-26.500000,0.000000,top
"C202","100nF","C_0603_1608Metric",58.500000,-18.250000,0.000000,top
"C203","10uF","C_0805_2012Metric",61.000000,-28.500000,0.000000,top
"C204","100nF","C_0603_1608Metric",49.250000,-32.000000,0.000000,top
"C205","1uF","C_0603_1608Metric",58.500000,-26.500000,0.000000,top
"C206","1uF","C_0603_1608Metric",58.500000,-24.500000,0.000000,top
"C207","10uF","C_0805_2012Metric",58.750000,-22.500000,0.000000,top
"C208","10uF","C_0805_2012Metric",58.750000,-20.250000,0.000000,top
"C210","2.2uF","C_0603_1608Metric",32.250000,-21.750000,0.000000,top
"C211","2.2uF","C_0603_1608Metric",30.000000,-27.000000,0.000000,top
"C212","1uF","C_0603_1608Metric",36.500000,-24.000000,0.000000,top
"D1","USB ESD","SOT-23-6",3.750000,-38.750000,0.000000,top
"D10","BAV199","SOT-23",63.750000,-9.500000,0.000000,top
"D11","BAV199","SOT-23",63.750000,-22.000000,0.000000,top
"D20","green","LED_0603_1608Metric",35.000000,-9.500000,0.000000,top
"D21","red","LED_0603_1608Metric",35.500000,-18.500000,0.000000,top
"D22","amber","LED_0603_1608Metric",44.750000,-11.250000,0.000000,top
"J1","USB-C (battery powered)","USB_C_Receptacle_GCT_USB4105-xx-A_16P_TopMnt_Horizontal",6.000000,-45.500000,0.000000,top
"J2","microSD","microSD_HC_Hirose_DM3AT-SF-PEJM5",36.000000,-40.000000,0.000000,top
"J3","FOOT MPU6050","JST_GH_BM08B-GHS-TBT_1x08-1MP_P1.25mm_Vertical",44.000000,-3.750000,0.000000,top
"J4","SHANK MPU6050","JST_GH_BM08B-GHS-TBT_1x08-1MP_P1.25mm_Vertical",61.000000,-3.750000,0.000000,top
"J5","EMG1","JST_GH_BM03B-GHS-TBT_1x03-1MP_P1.25mm_Vertical",70.250000,-13.000000,0.000000,top
"J6","EMG2","JST_GH_BM03B-GHS-TBT_1x03-1MP_P1.25mm_Vertical",70.250000,-23.000000,0.000000,top
"J9","PROTECTED 1S BATTERY","JST_GH_BM02B-GHS-TBT_1x02-1MP_P1.25mm_Vertical",15.250000,-46.000000,0.000000,top
"J10","Expansion","JST_GH_BM06B-GHS-TBT_1x06-1MP_P1.25mm_Vertical",37.000000,-14.000000,0.000000,top
"L1","1.5uH","L_Coilcraft_XAL4020-XXX",13.000000,-31.000000,0.000000,top
"Q1","DMP2035U","SOT-23",28.000000,-11.000000,0.000000,top
"Q2","2N7002","SOT-23",17.000000,-40.750000,0.000000,top
"R1","10k","R_0603_1608Metric",24.000000,-12.000000,0.000000,top
"R2","10k","R_0603_1608Metric",12.000000,-27.500000,0.000000,top
"R3","10k","R_0603_1608Metric",33.250000,-26.250000,0.000000,top
"R10","10k","R_0603_1608Metric",34.250000,-29.000000,90.000000,top
"R11","10k","R_0603_1608Metric",36.000000,-29.000000,90.000000,top
"R12","10k","R_0603_1608Metric",37.750000,-29.000000,90.000000,top
"R13","10k","R_0603_1608Metric",39.500000,-27.000000,90.000000,top
"R14","10k","R_0603_1608Metric",41.750000,-27.000000,90.000000,top
"R15","33","R_0603_1608Metric",20.750000,-39.250000,0.000000,top
"R20","5.1k","R_0603_1608Metric",8.250000,-38.500000,0.000000,top
"R21","5.1k","R_0603_1608Metric",13.250000,-41.500000,0.000000,top
"R22","33","R_0603_1608Metric",20.750000,-41.000000,0.000000,top
"R23","33","R_0603_1608Metric",24.000000,-39.250000,0.000000,top
"R24","100k","R_0603_1608Metric",24.000000,-41.000000,0.000000,top
"R25","1M","R_0603_1608Metric",35.500000,-21.750000,0.000000,top
"R26","10k","R_0603_1608Metric",38.750000,-22.250000,0.000000,top
"R30","10k","R_0603_1608Metric",28.000000,-8.250000,0.000000,top
"R31","10k","R_0603_1608Metric",31.750000,-9.500000,0.000000,top
"R33","10k","R_0603_1608Metric",44.750000,-13.000000,0.000000,top
"R40","10k","R_0603_1608Metric",56.000000,-45.000000,0.000000,top
"R41","10k","R_0603_1608Metric",56.000000,-46.750000,0.000000,top
"R42","100","R_0603_1608Metric",64.000000,-44.000000,0.000000,top
"R50","316k","R_0603_1608Metric",4.500000,-34.000000,0.000000,top
"R51","100k","R_0603_1608Metric",4.500000,-36.000000,0.000000,top
"R52","100k","R_0603_1608Metric",26.750000,-27.000000,0.000000,top
"R53","100k","R_0603_1608Metric",23.500000,-8.500000,0.000000,top
"R54","100k","R_0603_1608Metric",28.500000,-28.750000,0.000000,top
"R60","1k","R_0603_1608Metric",34.500000,-7.750000,0.000000,top
"R61","1k","R_0603_1608Metric",38.250000,-8.250000,0.000000,top
"R62","1k","R_0603_1608Metric",43.250000,-9.500000,0.000000,top
"R100","3.3k","R_0603_1608Metric",69.250000,-7.750000,90.000000,top
"R101","1M","R_0603_1608Metric",71.750000,-8.500000,0.000000,top
"R102","3.3k","R_0603_1608Metric",55.000000,-10.250000,0.000000,top
"R104","100","R_0603_1608Metric",44.750000,-16.000000,0.000000,top
"R110","3.3k","R_0603_1608Metric",65.000000,-18.500000,90.000000,top
"R111","1M","R_0603_1608Metric",71.000000,-18.500000,0.000000,top
"R112","3.3k","R_0603_1608Metric",61.750000,-24.750000,0.000000,top
"R114","100","R_0603_1608Metric",46.000000,-31.750000,0.000000,top
"SW1","POWER","SW_SPDT_CK_JS102011SAQN",20.750000,-34.000000,0.000000,top
"SW2","BOOT","SW_SPST_TL3342",26.250000,-16.000000,0.000000,top
"SW3","EN","SW_SPST_TL3342",26.250000,-23.000000,0.000000,top
"SW4","BUTTON","SW_SPST_TL3342",23.500000,-45.000000,0.000000,top
"U1","ESP32-S3-WROOM-1-N8R8","ESP32-S3-WROOM-1",12.000000,-13.000000,0.000000,top
"U2","AD7606BSTZ","LQFP-64_10x10mm_P0.5mm",50.000000,-24.000000,0.000000,top
"U3","MCP6004T-I/ST","TSSOP-14_4.4x5mm_P0.65mm",58.000000,-14.250000,0.000000,top
"U4","MCP6004T-I/ST","TSSOP-14_4.4x5mm_P0.65mm",58.000000,-33.750000,0.000000,top
"U5","MCP6001T-I/OT","SOT-23-5",60.000000,-45.000000,0.000000,top
"U6","TPS63070RNMR","TI_RNM0015A",8.000000,-31.000000,0.000000,top
"U7","TPS7A2030PDBVR","SOT-23-5",49.000000,-44.000000,0.000000,top
"U8","TPS60150DRVR","TPS60150_DRV0006D",33.000000,-24.000000,0.000000,top
