sequence,host_time_estimate_us,sensor_time_unwrapped_us,sensor_timestamp_raw,ax_raw,ay_raw,az_raw,gx_raw,gy_raw,gz_raw,ax_g,ay_g,az_g,gx_dps,gy_dps,gz_dps,temperature_raw,fifo_header,read_start_us,read_end_us,irq_anchor_us,flags,valid,fifo_batch_index,fifo_batch_count
1,5000,,,100,-100,2048,164,0,-164,0.048828125,-0.048828125,1.0,10.0,0.0,-10.0,,,5010,5450,5000,2,1,0,1
3,15000,,,100,-100,2048,164,0,-164,0.048828125,-0.048828125,1.0,10.0,0.0,-10.0,,,15010,15450,15000,2,1,0,1
4,20000,,,100,-100,2048,164,0,-164,0.048828125,-0.048828125,1.0,10.0,0.0,-10.0,,,20010,20450,20000,2,1,0,1
5,25000,,,100,-100,2048,164,0,-164,0.048828125,-0.048828125,1.0,10.0,0.0,-10.0,,,25010,25450,25000,2,1,0,1
6,30000,,,100,-100,2048,164,0,-164,0.048828125,-0.048828125,1.0,10.0,0.0,-10.0,,,30010,30450,30000,2,1,0,1
7,35000,,,100,-100,2048,164,0,-164,0.048828125,-0.048828125,1.0,10.0,0.0,-10.0,,,35010,35450,35000,2,1,0,1
8,40000,,,100,-100,2048,164,0,-164,0.048828125,-0.048828125,1.0,10.0,0.0,-10.0,,,40010,40450,40000,2,1,0,1
9,45000,,,100,-100,2048,164,0,-164,0.048828125,-0.048828125,1.0,10.0,0.0,-10.0,,,45010,45450,45000,2,1,0,1
10,50000,,,100,-100,2048,164,0,-164,0.048828125,-0.048828125,1.0,10.0,0.0,-10.0,,,50010,50450,50000,2,1,0,1
11,55000,,,100,-100,2048,164,0,-164,0.048828125,-0.048828125,1.0,10.0,0.0,-10.0,,,55010,55450,55000,2,1,0,1
12,60000,,,100,-100,2048,164,0,-164,0.048828125,-0.048828125,1.0,10.0,0.0,-10.0,,,60010,60450,60000,2,1,0,1
13,65000,,,100,-100,2048,164,0,-164,0.048828125,-0.048828125,1.0,10.0,0.0,-10.0,,,65010,65450,65000,2,1,0,1
14,70000,,,100,-100,2048,164,0,-164,0.048828125,-0.048828125,1.0,10.0,0.0,-10.0,,,70010,70450,70000,2,1,0,1
15,75000,,,100,-100,2048,164,0,-164,0.048828125,-0.048828125,1.0,10.0,0.0,-10.0,,,75010,75450,75000,2,1,0,1
16,80000,,,100,-100,2048,164,0,-164,0.048828125,-0.048828125,1.0,10.0,0.0,-10.0,,,80010,80450,80000,2,1,0,1
17,85000,,,100,-100,2048,164,0,-164,0.048828125,-0.048828125,1.0,10.0,0.0,-10.0,,,85010,85450,85000,2,1,0,1
18,90000,,,100,-100,2048,164,0,-164,0.048828125,-0.048828125,1.0,10.0,0.0,-10.0,,,90010,90450,90000,2,1,0,1
19,95000,,,100,-100,2048,164,0,-164,0.048828125,-0.048828125,1.0,10.0,0.0,-10.0,,,95010,95450,95000,2,1,0,1
20,100000,,,100,-100,2048,164,0,-164,0.048828125,-0.048828125,1.0,10.0,0.0,-10.0,,,100010,100450,100000,2,1,0,1
21,105000,,,100,-100,2048,164,0,-164,0.048828125,-0.048828125,1.0,10.0,0.0,-10.0,,,105010,105450,105000,2,1,0,1
22,110000,,,100,-100,2048,164,0,-164,0.048828125,-0.048828125,1.0,10.0,0.0,-10.0,,,110010,110450,110000,2,1,0,1
23,115000,,,100,-100,2048,164,0,-164,0.048828125,-0.048828125,1.0,10.0,0.0,-10.0,,,115010,115450,115000,2,1,0,1
24,120000,,,100,-100,2048,164,0,-164,0.048828125,-0.048828125,1.0,10.0,0.0,-10.0,,,120010,120450,120000,2,1,0,1
25,125000,,,100,-100,2048,164,0,-164,0.048828125,-0.048828125,1.0,10.0,0.0,-10.0,,,125010,125450,125000,2,1,0,1
26,130000,,,100,-100,2048,164,0,-164,0.048828125,-0.048828125,1.0,10.0,0.0,-10.0,,,130010,130450,130000,2,1,0,1
27,135000,,,100,-100,2048,164,0,-164,0.048828125,-0.048828125,1.0,10.0,0.0,-10.0,,,135010,135450,135000,2,1,0,1
28,140000,,,100,-100,2048,164,0,-164,0.048828125,-0.048828125,1.0,10.0,0.0,-10.0,,,140010,140450,140000,2,1,0,1
29,145000,,,100,-100,2048,164,0,-164,0.048828125,-0.048828125,1.0,10.0,0.0,-10.0,,,145010,145450,145000,2,1,0,1
30,150000,,,100,-100,2048,164,0,-164,0.048828125,-0.048828125,1.0,10.0,0.0,-10.0,,,150010,150450,150000,2,1,0,1
31,155000,,,100,-100,2048,164,0,-164,0.048828125,-0.048828125,1.0,10.0,0.0,-10.0,,,155010,155450,155000,2,1,0,1
32,160000,,,100,-100,2048,164,0,-164,0.048828125,-0.048828125,1.0,10.0,0.0,-10.0,,,160010,160450,160000,2,1,0,1
33,165000,,,100,-100,2048,164,0,-164,0.048828125,-0.048828125,1.0,10.0,0.0,-10.0,,,165010,165450,165000,2,1,0,1
34,170000,,,100,-100,2048,164,0,-164,0.048828125,-0.048828125,1.0,10.0,0.0,-10.0,,,170010,170450,170000,2,1,0,1
35,175000,,,100,-100,2048,164,0,-164,0.048828125,-0.048828125,1.0,10.0,0.0,-10.0,,,175010,175450,175000,2,1,0,1
36,180000,,,100,-100,2048,164,0,-164,0.048828125,-0.048828125,1.0,10.0,0.0,-10.0,,,180010,180450,180000,2,1,0,1
37,185000,,,100,-100,2048,164,0,-164,0.048828125,-0.048828125,1.0,10.0,0.0,-10.0,,,185010,185450,185000,2,1,0,1
38,190000,,,100,-100,2048,164,0,-164,0.048828125,-0.048828125,1.0,10.0,0.0,-10.0,,,190010,190450,190000,2,1,0,1
39,195000,,,100,-100,2048,164,0,-164,0.048828125,-0.048828125,1.0,10.0,0.0,-10.0,,,195010,195450,195000,2,1,0,1
40,200000,,,100,-100,2048,164,0,-164,0.048828125,-0.048828125,1.0,10.0,0.0,-10.0,,,200010,200450,200000,2,1,0,1
41,205000,,,100,-100,2048,164,0,-164,0.048828125,-0.048828125,1.0,10.0,0.0,-10.0,,,205010,205450,205000,2,1,0,1
42,210000,,,100,-100,2048,164,0,-164,0.048828125,-0.048828125,1.0,10.0,0.0,-10.0,,,210010,210450,210000,2,1,0,1
43,215000,,,100,-100,2048,164,0,-164,0.048828125,-0.048828125,1.0,10.0,0.0,-10.0,,,215010,215450,215000,2,1,0,1
44,220000,,,100,-100,2048,164,0,-164,0.048828125,-0.048828125,1.0,10.0,0.0,-10.0,,,220010,220450,220000,2,1,0,1
45,225000,,,100,-100,2048,164,0,-164,0.048828125,-0.048828125,1.0,10.0,0.0,-10.0,,,225010,225450,225000,2,1,0,1
46,230000,,,100,-100,2048,164,0,-164,0.048828125,-0.048828125,1.0,10.0,0.0,-10.0,,,230010,230450,230000,2,1,0,1
47,235000,,,100,-100,2048,164,0,-164,0.048828125,-0.048828125,1.0,10.0,0.0,-10.0,,,235010,235450,235000,2,1,0,1
48,240000,,,100,-100,2048,164,0,-164,0.048828125,-0.048828125,1.0,10.0,0.0,-10.0,,,240010,240450,240000,2,1,0,1
49,245000,,,100,-100,2048,164,0,-164,0.048828125,-0.048828125,1.0,10.0,0.0,-10.0,,,245010,245450,245000,2,1,0,1
50,250000,,,100,-100,2048,164,0,-164,0.048828125,-0.048828125,1.0,10.0,0.0,-10.0,,,250010,250450,250000,2,1,0,1
