sequence,estimated_time_since_first_emg_s,sensor_time_unwrapped_us,ax_g,ay_g,az_g,gx_deg_per_s,gy_deg_per_s,gz_deg_per_s,flags,valid
1,-0.053221,5000,0.00048828125,0.0,1.0,0.0,0.0,0.0,2,1
2,-0.048221,10000,0.00048828125,0.0,1.0,0.0,0.0,0.0,2,1
3,-0.043221,15000,0.00048828125,0.0,1.0,0.0,0.0,0.0,2,1
4,-0.038221,20000,0.00048828125,0.0,1.0,0.0,0.0,0.0,2,1
5,-0.033221,25000,0.00048828125,0.0,1.0,0.0,0.0,0.0,2,1
6,-0.028221,30000,0.00048828125,0.0,1.0,0.0,0.0,0.0,2,1
7,-0.023221,35000,0.00048828125,0.0,1.0,0.0,0.0,0.0,2,1
8,-0.018221,40000,0.00048828125,0.0,1.0,0.0,0.0,0.0,2,1
9,-0.013221,45000,0.00048828125,0.0,1.0,0.0,0.0,0.0,2,1
10,-0.008221,50000,0.00048828125,0.0,1.0,0.0,0.0,0.0,2,1
11,-0.003221,55000,0.00048828125,0.0,1.0,0.0,0.0,0.0,2,1
12,0.001779,60000,0.00048828125,0.0,1.0,0.0,0.0,0.0,2,1
13,0.006779,65000,0.00048828125,0.0,1.0,0.0,0.0,0.0,2,1
14,0.011779,70000,0.00048828125,0.0,1.0,0.0,0.0,0.0,2,1
15,0.016779,75000,0.00048828125,0.0,1.0,0.0,0.0,0.0,2,1
16,0.021779,80000,0.00048828125,0.0,1.0,0.0,0.0,0.0,2,1
17,0.026779,85000,0.00048828125,0.0,1.0,0.0,0.0,0.0,2,1
18,0.031779,90000,0.00048828125,0.0,1.0,0.0,0.0,0.0,2,1
19,0.036779,95000,0.00048828125,0.0,1.0,0.0,0.0,0.0,2,1
20,0.041779,100000,0.00048828125,0.0,1.0,0.0,0.0,0.0,2,1
21,0.046779,105000,0.00048828125,0.0,1.0,0.0,0.0,0.0,2,1
22,0.051779,110000,0.00048828125,0.0,1.0,0.0,0.0,0.0,2,1
23,0.056779,115000,0.00048828125,0.0,1.0,0.0,0.0,0.0,2,1
24,0.061779,120000,0.00048828125,0.0,1.0,0.0,0.0,0.0,2,1
25,0.066779,125000,0.00048828125,0.0,1.0,0.0,0.0,0.0,2,1
26,0.071779,130000,0.00048828125,0.0,1.0,0.0,0.0,0.0,2,1
27,0.076779,135000,0.00048828125,0.0,1.0,0.0,0.0,0.0,2,1
28,0.081779,140000,0.00048828125,0.0,1.0,0.0,0.0,0.0,2,1
29,0.086779,145000,0.00048828125,0.0,1.0,0.0,0.0,0.0,2,1
30,0.091779,150000,0.00048828125,0.0,1.0,0.0,0.0,0.0,2,1
31,0.096779,155000,0.00048828125,0.0,1.0,0.0,0.0,0.0,2,1
32,0.101779,160000,0.00048828125,0.0,1.0,0.0,0.0,0.0,2,1
33,0.106779,165000,0.00048828125,0.0,1.0,0.0,0.0,0.0,2,1
34,0.111779,170000,0.00048828125,0.0,1.0,0.0,0.0,0.0,2,1
35,0.116779,175000,0.00048828125,0.0,1.0,0.0,0.0,0.0,2,1
36,0.121779,180000,0.00048828125,0.0,1.0,0.0,0.0,0.0,2,1
37,0.126779,185000,0.00048828125,0.0,1.0,0.0,0.0,0.0,2,1
38,0.131779,190000,0.00048828125,0.0,1.0,0.0,0.0,0.0,2,1
39,0.136779,195000,0.00048828125,0.0,1.0,0.0,0.0,0.0,2,1
40,0.141779,200000,0.00048828125,0.0,1.0,0.0,0.0,0.0,2,1
41,0.146779,205000,0.00048828125,0.0,1.0,0.0,0.0,0.0,2,1
42,0.151779,210000,0.00048828125,0.0,1.0,0.0,0.0,0.0,2,1
43,0.156779,215000,0.00048828125,0.0,1.0,0.0,0.0,0.0,2,1
44,0.161779,220000,0.00048828125,0.0,1.0,0.0,0.0,0.0,2,1
45,0.166779,225000,0.00048828125,0.0,1.0,0.0,0.0,0.0,2,1
46,0.171779,230000,0.00048828125,0.0,1.0,0.0,0.0,0.0,2,1
47,0.176779,235000,0.00048828125,0.0,1.0,0.0,0.0,0.0,2,1
48,0.181779,240000,0.00048828125,0.0,1.0,0.0,0.0,0.0,2,1
49,0.186779,245000,0.00048828125,0.0,1.0,0.0,0.0,0.0,2,1
50,0.191779,250000,0.00048828125,0.0,1.0,0.0,0.0,0.0,2,1
51,0.196779,255000,0.00048828125,0.0,1.0,0.0,0.0,0.0,2,1
52,0.201779,260000,0.00048828125,0.0,1.0,0.0,0.0,0.0,2,1
53,0.206779,265000,0.00048828125,0.0,1.0,0.0,0.0,0.0,2,1
54,0.211779,270000,0.00048828125,0.0,1.0,0.0,0.0,0.0,2,1
55,0.216779,275000,0.00048828125,0.0,1.0,0.0,0.0,0.0,2,1
56,0.221779,280000,0.00048828125,0.0,1.0,0.0,0.0,0.0,2,1
57,0.226779,285000,0.00048828125,0.0,1.0,0.0,0.0,0.0,2,1
58,0.231779,290000,0.00048828125,0.0,1.0,0.0,0.0,0.0,2,1
59,0.236779,295000,0.00048828125,0.0,1.0,0.0,0.0,0.0,2,1
60,0.241779,300000,0.00048828125,0.0,1.0,0.0,0.0,0.0,2,1
61,0.246779,305000,0.00048828125,0.0,1.0,0.0,0.0,0.0,2,1
62,0.251779,310000,0.00048828125,0.0,1.0,0.0,0.0,0.0,2,1
63,0.256779,315000,0.00048828125,0.0,1.0,0.0,0.0,0.0,2,1
64,0.261779,320000,0.00048828125,0.0,1.0,0.0,0.0,0.0,2,1
65,0.266779,325000,0.00048828125,0.0,1.0,0.0,0.0,0.0,2,1
66,0.271779,330000,0.00048828125,0.0,1.0,0.0,0.0,0.0,2,1
67,0.276779,335000,0.00048828125,0.0,1.0,0.0,0.0,0.0,2,1
68,0.281779,340000,0.00048828125,0.0,1.0,0.0,0.0,0.0,2,1
69,0.286779,345000,0.00048828125,0.0,1.0,0.0,0.0,0.0,2,1
70,0.291779,350000,0.00048828125,0.0,1.0,0.0,0.0,0.0,2,1
71,0.296779,355000,0.00048828125,0.0,1.0,0.0,0.0,0.0,2,1
72,0.301779,360000,0.00048828125,0.0,1.0,0.0,0.0,0.0,2,1
73,0.306779,365000,0.00048828125,0.0,1.0,0.0,0.0,0.0,2,1
74,0.311779,370000,0.00048828125,0.0,1.0,0.0,0.0,0.0,2,1
75,0.316779,375000,0.00048828125,0.0,1.0,0.0,0.0,0.0,2,1
76,0.321779,380000,0.00048828125,0.0,1.0,0.0,0.0,0.0,2,1
77,0.326779,385000,0.00048828125,0.0,1.0,0.0,0.0,0.0,2,1
78,0.331779,390000,0.00048828125,0.0,1.0,0.0,0.0,0.0,2,1
79,0.336779,395000,0.00048828125,0.0,1.0,0.0,0.0,0.0,2,1
80,0.341779,400000,0.00048828125,0.0,1.0,0.0,0.0,0.0,2,1
81,0.346779,405000,0.00048828125,0.0,1.0,0.0,0.0,0.0,2,1
82,0.351779,410000,0.00048828125,0.0,1.0,0.0,0.0,0.0,2,1
83,0.356779,415000,0.00048828125,0.0,1.0,0.0,0.0,0.0,2,1
84,0.361779,420000,0.00048828125,0.0,1.0,0.0,0.0,0.0,2,1
85,0.366779,425000,0.00048828125,0.0,1.0,0.0,0.0,0.0,2,1
86,0.371779,430000,0.00048828125,0.0,1.0,0.0,0.0,0.0,2,1
87,0.376779,435000,0.00048828125,0.0,1.0,0.0,0.0,0.0,2,1
88,0.381779,440000,0.00048828125,0.0,1.0,0.0,0.0,0.0,2,1
89,0.386779,445000,0.00048828125,0.0,1.0,0.0,0.0,0.0,2,1
90,0.391779,450000,0.00048828125,0.0,1.0,0.0,0.0,0.0,2,1
91,0.396779,455000,0.00048828125,0.0,1.0,0.0,0.0,0.0,2,1
92,0.401779,460000,0.00048828125,0.0,1.0,0.0,0.0,0.0,2,1
93,0.406779,465000,0.00048828125,0.0,1.0,0.0,0.0,0.0,2,1
94,0.411779,470000,0.00048828125,0.0,1.0,0.0,0.0,0.0,2,1
95,0.416779,475000,0.00048828125,0.0,1.0,0.0,0.0,0.0,2,1
96,0.421779,480000,0.00048828125,0.0,1.0,0.0,0.0,0.0,2,1
97,0.426779,485000,0.00048828125,0.0,1.0,0.0,0.0,0.0,2,1
98,0.431779,490000,0.00048828125,0.0,1.0,0.0,0.0,0.0,2,1
99,0.436779,495000,0.00048828125,0.0,1.0,0.0,0.0,0.0,2,1
100,0.441779,500000,0.00048828125,0.0,1.0,0.0,0.0,0.0,2,1
101,0.446779,505000,0.00048828125,0.0,1.0,0.0,0.0,0.0,2,1
102,0.451779,510000,0.00048828125,0.0,1.0,0.0,0.0,0.0,2,1
103,0.456779,515000,0.00048828125,0.0,1.0,0.0,0.0,0.0,2,1
104,0.461779,520000,0.00048828125,0.0,1.0,0.0,0.0,0.0,2,1
105,0.466779,525000,0.00048828125,0.0,1.0,0.0,0.0,0.0,2,1
106,0.471779,530000,0.00048828125,0.0,1.0,0.0,0.0,0.0,2,1
107,0.476779,535000,0.00048828125,0.0,1.0,0.0,0.0,0.0,2,1
108,0.481779,540000,0.00048828125,0.0,1.0,0.0,0.0,0.0,2,1
109,0.486779,545000,0.00048828125,0.0,1.0,0.0,0.0,0.0,2,1
110,0.491779,550000,0.00048828125,0.0,1.0,0.0,0.0,0.0,2,1
111,0.496779,555000,0.00048828125,0.0,1.0,0.0,0.0,0.0,2,1
112,0.501779,560000,0.00048828125,0.0,1.0,0.0,0.0,0.0,2,1
113,0.506779,565000,0.00048828125,0.0,1.0,0.0,0.0,0.0,2,1
114,0.511779,570000,0.00048828125,0.0,1.0,0.0,0.0,0.0,2,1
115,0.516779,575000,0.00048828125,0.0,1.0,0.0,0.0,0.0,2,1
116,0.521779,580000,0.00048828125,0.0,1.0,0.0,0.0,0.0,2,1
117,0.526779,585000,0.00048828125,0.0,1.0,0.0,0.0,0.0,2,1
118,0.531779,590000,0.00048828125,0.0,1.0,0.0,0.0,0.0,2,1
119,0.536779,595000,0.00048828125,0.0,1.0,0.0,0.0,0.0,2,1
120,0.541779,600000,0.00048828125,0.0,1.0,0.0,0.0,0.0,2,1
121,0.546779,605000,0.00048828125,0.0,1.0,0.0,0.0,0.0,2,1
122,0.551779,610000,0.00048828125,0.0,1.0,0.0,0.0,0.0,2,1
123,0.556779,615000,0.00048828125,0.0,1.0,0.0,0.0,0.0,2,1
124,0.561779,620000,0.00048828125,0.0,1.0,0.0,0.0,0.0,2,1
125,0.566779,625000,0.00048828125,0.0,1.0,0.0,0.0,0.0,2,1
126,0.571779,630000,0.00048828125,0.0,1.0,0.0,0.0,0.0,2,1
127,0.576779,635000,0.00048828125,0.0,1.0,0.0,0.0,0.0,2,1
128,0.581779,640000,0.00048828125,0.0,1.0,0.0,0.0,0.0,2,1
129,0.586779,645000,0.00048828125,0.0,1.0,0.0,0.0,0.0,2,1
130,0.591779,650000,0.00048828125,0.0,1.0,0.0,0.0,0.0,2,1
131,0.596779,655000,0.00048828125,0.0,1.0,0.0,0.0,0.0,2,1
132,0.601779,660000,0.00048828125,0.0,1.0,0.0,0.0,0.0,2,1
133,0.606779,665000,0.00048828125,0.0,1.0,0.0,0.0,0.0,2,1
134,0.611779,670000,0.00048828125,0.0,1.0,0.0,0.0,0.0,2,1
135,0.616779,675000,0.00048828125,0.0,1.0,0.0,0.0,0.0,2,1
136,0.621779,680000,0.00048828125,0.0,1.0,0.0,0.0,0.0,2,1
137,0.626779,685000,0.00048828125,0.0,1.0,0.0,0.0,0.0,2,1
138,0.631779,690000,0.00048828125,0.0,1.0,0.0,0.0,0.0,2,1
139,0.636779,695000,0.00048828125,0.0,1.0,0.0,0.0,0.0,2,1
140,0.641779,700000,0.00048828125,0.0,1.0,0.0,0.0,0.0,2,1
141,0.646779,705000,0.00048828125,0.0,1.0,0.0,0.0,0.0,2,1
142,0.651779,710000,0.00048828125,0.0,1.0,0.0,0.0,0.0,2,1
143,0.656779,715000,0.00048828125,0.0,1.0,0.0,0.0,0.0,2,1
144,0.661779,720000,0.00048828125,0.0,1.0,0.0,0.0,0.0,2,1
145,0.666779,725000,0.00048828125,0.0,1.0,0.0,0.0,0.0,2,1
146,0.671779,730000,0.00048828125,0.0,1.0,0.0,0.0,0.0,2,1
147,0.676779,735000,0.00048828125,0.0,1.0,0.0,0.0,0.0,2,1
148,0.681779,740000,0.00048828125,0.0,1.0,0.0,0.0,0.0,2,1
149,0.686779,745000,0.00048828125,0.0,1.0,0.0,0.0,0.0,2,1
150,0.691779,750000,0.00048828125,0.0,1.0,0.0,0.0,0.0,2,1
151,0.696779,755000,0.00048828125,0.0,1.0,0.0,0.0,0.0,2,1
152,0.701779,760000,0.00048828125,0.0,1.0,0.0,0.0,0.0,2,1
153,0.706779,765000,0.00048828125,0.0,1.0,0.0,0.0,0.0,2,1
154,0.711779,770000,0.00048828125,0.0,1.0,0.0,0.0,0.0,2,1
155,0.716779,775000,0.00048828125,0.0,1.0,0.0,0.0,0.0,2,1
156,0.721779,780000,0.00048828125,0.0,1.0,0.0,0.0,0.0,2,1
157,0.726779,785000,0.00048828125,0.0,1.0,0.0,0.0,0.0,2,1
158,0.731779,790000,0.00048828125,0.0,1.0,0.0,0.0,0.0,2,1
159,0.736779,795000,0.00048828125,0.0,1.0,0.0,0.0,0.0,2,1
160,0.741779,800000,0.00048828125,0.0,1.0,0.0,0.0,0.0,2,1
161,0.746779,805000,0.00048828125,0.0,1.0,0.0,0.0,0.0,2,1
162,0.751779,810000,0.00048828125,0.0,1.0,0.0,0.0,0.0,2,1
163,0.756779,815000,0.00048828125,0.0,1.0,0.0,0.0,0.0,2,1
164,0.761779,820000,0.00048828125,0.0,1.0,0.0,0.0,0.0,2,1
165,0.766779,825000,0.00048828125,0.0,1.0,0.0,0.0,0.0,2,1
166,0.771779,830000,0.00048828125,0.0,1.0,0.0,0.0,0.0,2,1
167,0.776779,835000,0.00048828125,0.0,1.0,0.0,0.0,0.0,2,1
168,0.781779,840000,0.00048828125,0.0,1.0,0.0,0.0,0.0,2,1
169,0.786779,845000,0.00048828125,0.0,1.0,0.0,0.0,0.0,2,1
170,0.791779,850000,0.00048828125,0.0,1.0,0.0,0.0,0.0,2,1
171,0.796779,855000,0.00048828125,0.0,1.0,0.0,0.0,0.0,2,1
172,0.801779,860000,0.00048828125,0.0,1.0,0.0,0.0,0.0,2,1
173,0.806779,865000,0.00048828125,0.0,1.0,0.0,0.0,0.0,2,1
174,0.811779,870000,0.00048828125,0.0,1.0,0.0,0.0,0.0,2,1
175,0.816779,875000,0.00048828125,0.0,1.0,0.0,0.0,0.0,2,1
176,0.821779,880000,0.00048828125,0.0,1.0,0.0,0.0,0.0,2,1
177,0.826779,885000,0.00048828125,0.0,1.0,0.0,0.0,0.0,2,1
178,0.831779,890000,0.00048828125,0.0,1.0,0.0,0.0,0.0,2,1
179,0.836779,895000,0.00048828125,0.0,1.0,0.0,0.0,0.0,2,1
180,0.841779,900000,0.00048828125,0.0,1.0,0.0,0.0,0.0,2,1
181,0.846779,905000,0.00048828125,0.0,1.0,0.0,0.0,0.0,2,1
182,0.851779,910000,0.00048828125,0.0,1.0,0.0,0.0,0.0,2,1
183,0.856779,915000,0.00048828125,0.0,1.0,0.0,0.0,0.0,2,1
184,0.861779,920000,0.00048828125,0.0,1.0,0.0,0.0,0.0,2,1
185,0.866779,925000,0.00048828125,0.0,1.0,0.0,0.0,0.0,2,1
186,0.871779,930000,0.00048828125,0.0,1.0,0.0,0.0,0.0,2,1
187,0.876779,935000,0.00048828125,0.0,1.0,0.0,0.0,0.0,2,1
188,0.881779,940000,0.00048828125,0.0,1.0,0.0,0.0,0.0,2,1
189,0.886779,945000,0.00048828125,0.0,1.0,0.0,0.0,0.0,2,1
190,0.891779,950000,0.00048828125,0.0,1.0,0.0,0.0,0.0,2,1
191,0.896779,955000,0.00048828125,0.0,1.0,0.0,0.0,0.0,2,1
192,0.901779,960000,0.00048828125,0.0,1.0,0.0,0.0,0.0,2,1
193,0.906779,965000,0.00048828125,0.0,1.0,0.0,0.0,0.0,2,1
194,0.911779,970000,0.00048828125,0.0,1.0,0.0,0.0,0.0,2,1
195,0.916779,975000,0.00048828125,0.0,1.0,0.0,0.0,0.0,2,1
196,0.921779,980000,0.00048828125,0.0,1.0,0.0,0.0,0.0,2,1
197,0.926779,985000,0.00048828125,0.0,1.0,0.0,0.0,0.0,2,1
198,0.931779,990000,0.00048828125,0.0,1.0,0.0,0.0,0.0,2,1
199,0.936779,995000,0.00048828125,0.0,1.0,0.0,0.0,0.0,2,1
200,0.941779,1000000,0.00048828125,0.0,1.0,0.0,0.0,0.0,2,1
201,0.946779,1005000,0.00048828125,0.0,1.0,0.0,0.0,0.0,2,1
202,0.951779,1010000,0.00048828125,0.0,1.0,0.0,0.0,0.0,2,1
203,0.956779,1015000,0.00048828125,0.0,1.0,0.0,0.0,0.0,2,1
204,0.961779,1020000,0.00048828125,0.0,1.0,0.0,0.0,0.0,2,1
205,0.966779,1025000,0.00048828125,0.0,1.0,0.0,0.0,0.0,2,1
206,0.971779,1030000,0.00048828125,0.0,1.0,0.0,0.0,0.0,2,1
207,0.976779,1035000,0.00048828125,0.0,1.0,0.0,0.0,0.0,2,1
208,0.981779,1040000,0.00048828125,0.0,1.0,0.0,0.0,0.0,2,1
209,0.986779,1045000,0.00048828125,0.0,1.0,0.0,0.0,0.0,2,1
210,0.991779,1050000,0.00048828125,0.0,1.0,0.0,0.0,0.0,2,1
211,0.996779,1055000,0.00048828125,0.0,1.0,0.0,0.0,0.0,2,1
212,1.001779,1060000,0.00048828125,0.0,1.0,0.0,0.0,0.0,2,1
213,1.006779,1065000,0.00048828125,0.0,1.0,0.0,0.0,0.0,2,1
214,1.011779,1070000,0.00048828125,0.0,1.0,0.0,0.0,0.0,2,1
215,1.016779,1075000,0.00048828125,0.0,1.0,0.0,0.0,0.0,2,1
216,1.021779,1080000,0.00048828125,0.0,1.0,0.0,0.0,0.0,2,1
217,1.026779,1085000,0.00048828125,0.0,1.0,0.0,0.0,0.0,2,1
218,1.031779,1090000,0.00048828125,0.0,1.0,0.0,0.0,0.0,2,1
219,1.036779,1095000,0.00048828125,0.0,1.0,0.0,0.0,0.0,2,1
220,1.041779,1100000,0.00048828125,0.0,1.0,0.0,0.0,0.0,2,1
221,1.046779,1105000,0.00048828125,0.0,1.0,0.0,0.0,0.0,2,1
222,1.051779,1110000,0.00048828125,0.0,1.0,0.0,0.0,0.0,2,1
223,1.056779,1115000,0.00048828125,0.0,1.0,0.0,0.0,0.0,2,1
224,1.061779,1120000,0.00048828125,0.0,1.0,0.0,0.0,0.0,2,1
225,1.066779,1125000,0.00048828125,0.0,1.0,0.0,0.0,0.0,2,1
226,1.071779,1130000,0.00048828125,0.0,1.0,0.0,0.0,0.0,2,1
227,1.076779,1135000,0.00048828125,0.0,1.0,0.0,0.0,0.0,2,1
228,1.081779,1140000,0.00048828125,0.0,1.0,0.0,0.0,0.0,2,1
229,1.086779,1145000,0.00048828125,0.0,1.0,0.0,0.0,0.0,2,1
230,1.091779,1150000,0.00048828125,0.0,1.0,0.0,0.0,0.0,2,1
231,1.096779,1155000,0.00048828125,0.0,1.0,0.0,0.0,0.0,2,1
232,1.101779,1160000,0.00048828125,0.0,1.0,0.0,0.0,0.0,2,1
233,1.106779,1165000,0.00048828125,0.0,1.0,0.0,0.0,0.0,2,1
234,1.111779,1170000,0.00048828125,0.0,1.0,0.0,0.0,0.0,2,1
235,1.116779,1175000,0.00048828125,0.0,1.0,0.0,0.0,0.0,2,1
236,1.121779,1180000,0.00048828125,0.0,1.0,0.0,0.0,0.0,2,1
237,1.126779,1185000,0.00048828125,0.0,1.0,0.0,0.0,0.0,2,1
238,1.131779,1190000,0.00048828125,0.0,1.0,0.0,0.0,0.0,2,1
239,1.136779,1195000,0.00048828125,0.0,1.0,0.0,0.0,0.0,2,1
240,1.141779,1200000,0.00048828125,0.0,1.0,0.0,0.0,0.0,2,1
241,1.146779,1205000,0.00048828125,0.0,1.0,0.0,0.0,0.0,2,1
242,1.151779,1210000,0.00048828125,0.0,1.0,0.0,0.0,0.0,2,1
243,1.156779,1215000,0.00048828125,0.0,1.0,0.0,0.0,0.0,2,1
244,1.161779,1220000,0.00048828125,0.0,1.0,0.0,0.0,0.0,2,1
245,1.166779,1225000,0.00048828125,0.0,1.0,0.0,0.0,0.0,2,1
246,1.171779,1230000,0.00048828125,0.0,1.0,0.0,0.0,0.0,2,1
247,1.176779,1235000,0.00048828125,0.0,1.0,0.0,0.0,0.0,2,1
248,1.181779,1240000,0.00048828125,0.0,1.0,0.0,0.0,0.0,2,1
249,1.186779,1245000,0.00048828125,0.0,1.0,0.0,0.0,0.0,2,1
250,1.191779,1250000,0.00048828125,0.0,1.0,0.0,0.0,0.0,2,1
251,1.196779,1255000,0.00048828125,0.0,1.0,0.0,0.0,0.0,2,1
252,1.201779,1260000,0.00048828125,0.0,1.0,0.0,0.0,0.0,2,1
253,1.206779,1265000,0.00048828125,0.0,1.0,0.0,0.0,0.0,2,1
254,1.211779,1270000,0.00048828125,0.0,1.0,0.0,0.0,0.0,2,1
255,1.216779,1275000,0.00048828125,0.0,1.0,0.0,0.0,0.0,2,1
256,1.221779,1280000,0.00048828125,0.0,1.0,0.0,0.0,0.0,2,1
257,1.226779,1285000,0.00048828125,0.0,1.0,0.0,0.0,0.0,2,1
258,1.231779,1290000,0.00048828125,0.0,1.0,0.0,0.0,0.0,2,1
259,1.236779,1295000,0.00048828125,0.0,1.0,0.0,0.0,0.0,2,1
260,1.241779,1300000,0.00048828125,0.0,1.0,0.0,0.0,0.0,2,1
261,1.246779,1305000,0.00048828125,0.0,1.0,0.0,0.0,0.0,2,1
262,1.251779,1310000,0.00048828125,0.0,1.0,0.0,0.0,0.0,2,1
263,1.256779,1315000,0.00048828125,0.0,1.0,0.0,0.0,0.0,2,1
