board,net,from_hole,to_hole,stage
BB1,RAW0,b2,TERMINAL:RAW0,4
BB1,RC0A,c4,a12,4
BB1,VMID,a8,a22,4
BB1,VMID,b22,b30,4
BB1,VMID,b8,TERMINAL:VMID,4
BB1,GND,a6,a24,4
BB1,GND,c24,a13,4
BB1,GND,b13,f8,4
BB1,GND,c6,TERMINAL:GND,4
BB1,BUF0A,b18,a10,4
BB1,BUF0A,b10,a11,4
BB1,RC0B,d20,g13,4
BB1,BUF0B,b26,g12,4
BB1,BUF0B,h12,g11,4
BB1,AIN0P,c28,TERMINAL:AIN0P,4
BB1,AIN0N,c32,TERMINAL:AIN0N,4
BB1,3V0A,g10,TERMINAL:3V0A,4
BB1,GND,d6,BAV199_CARRIER1:CHIP_PAD_1,4
BB1,3V0A,h10,BAV199_CARRIER1:CHIP_PAD_2,4
BB1,RC0A,d4,BAV199_CARRIER1:CHIP_PAD_3,4
BB2,RAW1,b2,TERMINAL:RAW1,5
BB2,RC1A,c4,a12,5
BB2,VMID,a8,a22,5
BB2,VMID,b22,b30,5
BB2,VMID,b8,TERMINAL:VMID,5
BB2,GND,a6,a24,5
BB2,GND,c24,a13,5
BB2,GND,b13,f8,5
BB2,GND,c6,TERMINAL:GND,5
BB2,BUF1A,b18,a10,5
BB2,BUF1A,b10,a11,5
BB2,RC1B,d20,g13,5
BB2,BUF1B,b26,g12,5
BB2,BUF1B,h12,g11,5
BB2,AIN1P,c28,TERMINAL:AIN1P,5
BB2,AIN1N,c32,TERMINAL:AIN1N,5
BB2,3V0A,g10,TERMINAL:3V0A,5
BB2,GND,d6,BAV199_CARRIER2:CHIP_PAD_1,5
BB2,3V0A,h10,BAV199_CARRIER2:CHIP_PAD_2,5
BB2,RC1A,d4,BAV199_CARRIER2:CHIP_PAD_3,5
BB3,RAW2,b2,TERMINAL:RAW2,5
BB3,RC2A,c4,a12,5
BB3,VMID,a8,a22,5
BB3,VMID,b22,b30,5
BB3,VMID,b8,TERMINAL:VMID,5
BB3,GND,a6,a24,5
BB3,GND,c24,a13,5
BB3,GND,b13,f8,5
BB3,GND,c6,TERMINAL:GND,5
BB3,BUF2A,b18,a10,5
BB3,BUF2A,b10,a11,5
BB3,RC2B,d20,g13,5
BB3,BUF2B,b26,g12,5
BB3,BUF2B,h12,g11,5
BB3,AIN2P,c28,TERMINAL:AIN2P,5
BB3,AIN2N,c32,TERMINAL:AIN2N,5
BB3,3V0A,g10,TERMINAL:3V0A,5
BB3,GND,d6,BAV199_CARRIER3:CHIP_PAD_1,5
BB3,3V0A,h10,BAV199_CARRIER3:CHIP_PAD_2,5
BB3,RC2A,d4,BAV199_CARRIER3:CHIP_PAD_3,5
BB4,RAW3,b2,TERMINAL:RAW3,5
BB4,RC3A,c4,a12,5
BB4,VMID,a8,a22,5
BB4,VMID,b22,b30,5
BB4,VMID,b8,TERMINAL:VMID,5
BB4,GND,a6,a24,5
BB4,GND,c24,a13,5
BB4,GND,b13,f8,5
BB4,GND,c6,TERMINAL:GND,5
BB4,BUF3A,b18,a10,5
BB4,BUF3A,b10,a11,5
BB4,RC3B,d20,g13,5
BB4,BUF3B,b26,g12,5
BB4,BUF3B,h12,g11,5
BB4,AIN3P,c28,TERMINAL:AIN3P,5
BB4,AIN3N,c32,TERMINAL:AIN3N,5
BB4,3V0A,g10,TERMINAL:3V0A,5
BB4,GND,d6,BAV199_CARRIER4:CHIP_PAD_1,5
BB4,3V0A,h10,BAV199_CARRIER4:CHIP_PAD_2,5
BB4,RC3A,d4,BAV199_CARRIER4:CHIP_PAD_3,5
BB0,3V0A,b2,g10,1
BB0,3V0A,c2,TERMINAL:3V0A,1
BB0,VMID_DIV,d4,a12,1
BB0,GND,c6,b24,1
BB0,GND,c24,a13,1
BB0,GND,b13,g13,1
BB0,GND,h13,f8,1
BB0,GND,d6,TERMINAL:GND,1
BB0,VMID_BUF,b18,a10,1
BB0,VMID_BUF,b10,a11,1
BB0,VMID,c20,TERMINAL:VMID,1
BB0,MID_UNUSED,g12,g11,1
