Check,Stage,Test,Firmware_profile,Instrument_or_data,Acceptance,Firmware_application_sha256,Module_serial_or_photo,Date_operator,Instrument_calibration,Measured_values,Evidence_files,Outcome,Reviewer,Notes
1-polarity,1,Source polarity and unpowered continuity,,DMM,"No rail short; correct source polarity; lab supply only, battery disconnected",,,,,,,NOT TESTED,,
1-digital,1,Digital rail and load response,,DMM + scope,3.23–3.43 V at 0/100/300 mA; ripple ≤50 mVpp (20 MHz bandwidth); provisional project screen,,,,,,,NOT TESTED,,
1-analog,1,Analog rail and midpoint,,DMM + scope,2.94–3.06 V at 0/20/50 mA; midpoint 0.49–0.51 × measured analog rail; ripple ≤10 mVpp; provisional project screen,,,,,,,NOT TESTED,,
1-adc-supply,1,ADC rail startup and load,,DMM + scope,4.8–5.2 V at 10–50 mA; never exceed 5.25 V during startup,,,,,,,NOT TESTED,,
2-controller,2,Programming reset controls,diagnostic-controller,USB serial + DMM,20 programming/reset cycles without failure; buttons and LEDs match controls,,,,,,,NOT TESTED,,
2-usb,2,USB sense and power separation,diagnostic-controller,DMM GPIO21 + VBUS,GPIO21 LOW attached / HIGH absent; attachment indicator 1/0; no USB VBUS feed into regulated 5 V; DevKit USB sockets empty,,,,,,,NOT TESTED,,
3-module,3,AD7606 qualification before ESP32 signal leads,,DMM + scope + continuity,AVCC 4.75–5.25 V; VIO 3.23–3.43 V (project target); internal reference and serial strap verified; ESP32-safe output levels; RANGE/OS low,,,,,,,NOT TESTED,,
3-common-trigger,3,Both conversion groups connected,diagnostic-adc,CONVST at CVA/CVB,GPIO11 through DIST1 a29/b29/c29 reaches both CVA/CVB; common rising edge,,,,,,,NOT TESTED,,
3-dc,3,Known positive DC and swapped-channel identity,diagnostic-adc,DMM V1/V2 + serial,1 V / 2 V ideal 6554 / 13107; compute from measured source; ±65 codes plus measured uncertainty; swapping sources swaps EMG identities,,,,,,,NOT TESTED,,
3-prime,3,Identify discarded startup reads,diagnostic-adc,RESET + CS + CONVST,Normally one discarded read per diagnostic boot; no measurement CONVST or saved sample; first measured DC codes correct,,,,,,,NOT TESTED,,
3-serial,3,Physical SPI edge order and complete frame,diagnostic-adc,CS + SCLK + DB7/DOUTA,"128 clocks; 8 MHz; mode 2 idle HIGH / falling-edge sample; eight signed words V1–V8, only V1/V2 exported",,,,,,,NOT TESTED,,
3-busy,3,Accepted conversion and BUSY completion,diagnostic-adc,CONVST + BUSY + CS,CONVST high ≥25 ns; conversion 3.45–4.2 µs with oversampling off; SCLK after BUSY fall; 80 µs is fault deadline only,,,,,,,NOT TESTED,,
3-rate,3,Measured conversion cadence and errors,diagnostic-adc,CONVST + serial,125 µs intervals ±1%; 8 kHz ±0.1% over 60 s of acquisition; exclude diagnostic print pauses; no unexplained timeout/overrun,,,,,,,NOT TESTED,,
4-response,4,BB1 DC and filter response,diagnostic-adc,Generator RAW1 + scope ADC V1,1.5 V + 100 mVpp synthetic input; unity DC; measured response within simulated tolerance envelope plus ±0.5 dB margin; no person attached,,,,,,,NOT TESTED,,
4-bias,4,BB1 unplugged bias and clipping,diagnostic-adc,DMM RAW1 + scope,Unplugged RAW settles 1.50 V ±30 mV; use safe 0.1–2.9 V sources for connected 3 V analog stage,,,,,,,NOT TESTED,,
5-identity,5,BB2 response and two input identities,diagnostic-adc,Generator RAW1/RAW2,Repeat BB1 tests on BB2; exactly EMG1/2; common frame timestamp; no extra exported muscle channels,,,,,,,NOT TESTED,,
5-crosstalk,5,Measured baseline and crosstalk,diagnostic-adc,Generator + scope + recorded noise,Provisional <−40 dB crosstalk screen; generator feedthrough measured separately; preserve RMS noise and 10 min error log,,,,,,,NOT TESTED,,
6-foot,6,Foot carrier interface identity and axes,diagnostic-imu-one,SPI + foot INT1,SPI JP2–JP4 1–2; 3.3 V; WHO_AM_I 0x47/readback; foot CS GPIO7 / INT1 GPIO16; correct axis signs,,,,,,,NOT TESTED,,
6-shank,6,Shank identity and independent interrupt,diagnostic-imu-two,SPI + shank INT1,Shank CS GPIO15 / INT1 GPIO17; 200 Hz ±1% per sensor over 60 s; no FIFO/missing-IRQ/invalid-packet errors,,,,,,,NOT TESTED,,
6-stationary,6,Stationary scaling and orientation,diagnostic-imu-two,Serial + orientation record,"±16 g / ±2000 °/s configured; gravity axis ±1 g within ±0.1 g, cross axes within ±0.1 g; gyro per axis <5 °/s before calibration",,,,,,,NOT TESTED,,
7-format,7,Saved file identities units and timing evidence,breadboard-sd-only-2ch,Original SD file + converter,AD7606 / two inputs / ICM / breadboard metadata; RAW code ×5/32768 V; scale 1 midpoint offset 0; retain raw IMU counters IRQ anchors read start/end and timing flags,,,,,,,NOT TESTED,,
7-endurance,7,Real SDMMC continuous recording,breadboard-sd-only-2ch,60 min original SD file,CMD GPIO47 CLK GPIO39 D0 GPIO40; container CRC32 and counters pass; no unexplained saved gaps/queue errors; END and expected stop reason; no sync/close failure,,,,,,,NOT TESTED,,
7-usb,7,Recording interlock,breadboard-sd-only-2ch,Synthetic recording + external USB sense,Refuse start with USB attached; attach during synthetic recording gives explicit stop/error; no person attached,,,,,,,NOT TESTED,,
7-storage-faults,7,Missing full interrupted storage,breadboard-sd-only-2ch,Expendable media + converter recovery,No-card refuses start; full-card explicit stop; five controlled interruptions preserve only CRC-valid records and report truncated tail/missing END,,,,,,,NOT TESTED,,
7-timestamps,7,Independent motion timing and rollover,breadboard-sd-only-2ch,foot.csv shank.csv quality.json,Normal 65.536 ms counter wraps handled; host estimate flag 2 retained; startup count differences not row-aligned; no unexplained gap/invalid/timing rejection,,,,,,,NOT TESTED,,
8-live,8,Wi-Fi preview while SD continues,breadboard-record-2ch,Laptop archive + original SD,60 min; only EMG1/2; explicit preview losses; independently audit original SD counters/CRC/END/stop and confirm no unexplained saved loss,,,,,,,NOT TESTED,,
8-disconnect,8,Wireless interruption and comparison,breadboard-record-2ch,Laptop archive + original SD,Disconnect/reconnect produces visible preview gaps; compare identities codes timestamps and stop/error indications without filling missing data,,,,,,,NOT TESTED,,
9-battery,9,Protected battery startup and measured runtime,breadboard-record-2ch,Actual battery runtime log,Both lab-supply leads removed; ≥2 h measured runtime; 20 repeatable startups/shutdowns; complete 60 min trial; record pack voltage age temperature and events,,,,,,,NOT TESTED,,
10-sensor,10,Two bare MyoWare electrical integration,breadboard-record-2ch,DMM + synthetic/no-person bench,Correct VIN/GND/RAW pads and supply; no saturation or cabling fault; distinguish RAW volts from electrode-referred EMG,,,,,,,NOT TESTED,,
10-wearable,10,Approved mounting and supervised recording,breadboard-record-2ch,Institutional protocol + mounting checklist,Consent and safety review complete; mounting strain relief/AFO clearance checked; no lab instruments mains USB or charging while electrodes are attached,,,,,,,NOT TESTED,,
