Board,Part,Value,Terminals,Stage
BB1,R100,3.3k,"{""1"": ""a2"", ""2"": ""a4""}",4
BB1,R101,1M,"{""1"": ""c2"", ""2"": ""c8""}",4
BB1,C100,47nF,"{""1"": ""b4"", ""2"": ""b6""}",4
BB1,R102,3.3k,"{""1"": ""a18"", ""2"": ""a20""}",4
BB1,C101,47nF,"{""1"": ""b20"", ""2"": ""b24""}",4
BB1,R104,100,"{""1"": ""a26"", ""2"": ""a28""}",4
BB1,C102,1nF,"{""1"": ""b28"", ""2"": ""b32""}",4
BB1,UB1,MCP6002-I/P DIP8; same amplifier family as PCB MCP6004,"{""1"": ""e10"", ""2"": ""e11"", ""3"": ""e12"", ""4"": ""e13"", ""5"": ""f13"", ""6"": ""f12"", ""7"": ""f11"", ""8"": ""f10""}",4
BB1,CB1,100nF local bypass,"{""1"": ""j10"", ""2"": ""j8""}",4
BB2,R110,3.3k,"{""1"": ""a2"", ""2"": ""a4""}",5
BB2,R111,1M,"{""1"": ""c2"", ""2"": ""c8""}",5
BB2,C110,47nF,"{""1"": ""b4"", ""2"": ""b6""}",5
BB2,R112,3.3k,"{""1"": ""a18"", ""2"": ""a20""}",5
BB2,C111,47nF,"{""1"": ""b20"", ""2"": ""b24""}",5
BB2,R114,100,"{""1"": ""a26"", ""2"": ""a28""}",5
BB2,C112,1nF,"{""1"": ""b28"", ""2"": ""b32""}",5
BB2,UB2,MCP6002-I/P DIP8; same amplifier family as PCB MCP6004,"{""1"": ""e10"", ""2"": ""e11"", ""3"": ""e12"", ""4"": ""e13"", ""5"": ""f13"", ""6"": ""f12"", ""7"": ""f11"", ""8"": ""f10""}",5
BB2,CB2,100nF local bypass,"{""1"": ""j10"", ""2"": ""j8""}",5
BB0,R40,10k,"{""1"": ""a2"", ""2"": ""a4""}",1
BB0,R41,10k,"{""1"": ""b4"", ""2"": ""a6""}",1
BB0,C30,1uF,"{""1"": ""c4"", ""2"": ""b6""}",1
BB0,R42,100,"{""1"": ""a18"", ""2"": ""a20""}",1
BB0,C31,1uF,"{""1"": ""b20"", ""2"": ""a24""}",1
BB0,UB0,MCP6002-I/P midpoint; half B grounded follower,"{""1"": ""e10"", ""2"": ""e11"", ""3"": ""e12"", ""4"": ""e13"", ""5"": ""f13"", ""6"": ""f12"", ""7"": ""f11"", ""8"": ""f10""}",1
BB0,CB0,100nF,"{""1"": ""j10"", ""2"": ""j8""}",1
