Wire,Stage,Net,From,To,Probe_at,Ground_return,Expected_or_purpose,Connection_rule
wire-115,3,ADC_CONVST,adc:CVA / CN1 photo label,DIST1:b29,adc:CVA / CN1 photo label,Nearby listed GND lead/contact; common instrument ground,GPIO11 must reach BOTH CVA and CVB through the same DIST1 a29/b29/c29 five-hole strip. Verify unpowered continuity and simultaneous rising edges. Never leave one conversion group floating.,"High-impedance 3.3 V-compatible probe; clip existing contact, no second jumper in an occupied hole; connect only after module qualification; no person attached"
wire-116,3,ADC_CONVST,adc:CVB / CN1 photo label,DIST1:c29,adc:CVB / CN1 photo label,Nearby listed GND lead/contact; common instrument ground,GPIO11 must reach BOTH CVA and CVB through the same DIST1 a29/b29/c29 five-hole strip. Verify unpowered continuity and simultaneous rising edges. Never leave one conversion group floating.,"High-impedance 3.3 V-compatible probe; clip existing contact, no second jumper in an occupied hole; connect only after module qualification; no person attached"
wire-113,3,ADC_DRDY,esp:J1.12 / GPIO8,adc:BUSY / CN1 photo label,adc:BUSY / CN1 photo label,Nearby listed GND lead/contact; common instrument ground,"This shared net name means AD7606 BUSY on GPIO8. Verify BUSY asserts after CONVST and falls before SCLK; a missing/stuck/late BUSY must produce a fault, not stale plausible data.","High-impedance 3.3 V-compatible probe; clip existing contact, no second jumper in an occupied hole; connect only after module qualification; no person attached"
wire-109,3,ADC_CS,adc:CS / CN1 photo label,DIST1:c28,adc:CS / CN1 photo label,Nearby listed GND lead/contact; common instrument ground,"After module qualification, verify active-low CS on GPIO10. A measured frame contains all 128 clocks; RESET-time discarded reads are separate. Keep SPI leads short with nearby ground return.","High-impedance 3.3 V-compatible probe; clip existing contact, no second jumper in an occupied hole; connect only after module qualification; no person attached"
wire-110,3,ADC_SCK,esp:J1.18 / GPIO12,adc:RD / CN1 photo label,adc:RD / CN1 photo label,Nearby listed GND lead/contact; common instrument ground,"RD is serial SCLK: GPIO12, 8 MHz, SPI mode 2 (idle HIGH; sample falling edge). Measure physical idle/setup/hold; the Wokwi idle-level limitation does not authorize a polarity change.","High-impedance 3.3 V-compatible probe; clip existing contact, no second jumper in an occupied hole; connect only after module qualification; no person attached"
wire-111,3,ADC_MISO,esp:J1.19 / GPIO13,adc:DB7 / CN1 photo label,adc:DB7 / CN1 photo label,Nearby listed GND lead/contact; common instrument ground,"DB7 is DOUTA in verified serial mode: GPIO13 receives all eight 16-bit words in V1–V8 order. Export only EMG1/2. DB8/DOUTB is unused, not a second MISO lead.","High-impedance 3.3 V-compatible probe; clip existing contact, no second jumper in an occupied hole; connect only after module qualification; no person attached"
wire-112,3,ADC_RESET,esp:J1.15 / GPIO9,adc:RST / CN1 photo label,adc:RST / CN1 photo label,Nearby listed GND lead/contact; common instrument ground,"RST is active HIGH on GPIO9. Firmware discards one RESET-time read per ADC configuration; normally one at diagnostic boot, two before the first recording session. Do not count these as EMG conversions.","High-impedance 3.3 V-compatible probe; clip existing contact, no second jumper in an occupied hole; connect only after module qualification; no person attached"
wire-130,6,IMU_MOSI,foot:mikroBUS 6 / MOSI,DIST1:b36,foot:mikroBUS 6 / MOSI,Nearby listed GND lead/contact; common instrument ground,Shared ICM SPI MOSI is GPIO4 to both mikroBUS pin 6 contacts. Use SPI JP2–JP4 positions 1–2; qualify 3.3 V and carrier orientation before wiring.,"High-impedance 3.3 V-compatible probe; clip existing contact, no second jumper in an occupied hole; connect only after module qualification; no person attached"
wire-133,6,IMU_MISO,foot:mikroBUS 5 / MISO,DIST1:b37,foot:mikroBUS 5 / MISO,Nearby listed GND lead/contact; common instrument ground,Shared ICM SPI MISO is GPIO5 from both mikroBUS pin 5 contacts. Separate CS lines select each carrier; verify the inactive carrier releases the bus.,"High-impedance 3.3 V-compatible probe; clip existing contact, no second jumper in an occupied hole; connect only after module qualification; no person attached"
wire-136,6,IMU_SCK,foot:mikroBUS 4 / SCK,DIST1:b38,foot:mikroBUS 4 / SCK,Nearby listed GND lead/contact; common instrument ground,Shared ICM SPI SCLK is GPIO6 to both mikroBUS pin 4 contacts; 1 MHz mode 0 in this firmware. Keep leads short with a nearby ground return.,"High-impedance 3.3 V-compatible probe; clip existing contact, no second jumper in an occupied hole; connect only after module qualification; no person attached"
wire-140,6,FOOT_CS,foot:mikroBUS 3 / CS,DIST1:c39,foot:mikroBUS 3 / CS,Nearby listed GND lead/contact; common instrument ground,Foot ICM chip select is GPIO7 to mikroBUS pin 3 / CS. Rotate only the foot carrier and confirm the foot stream identity before adding the shank.,"High-impedance 3.3 V-compatible probe; clip existing contact, no second jumper in an occupied hole; connect only after module qualification; no person attached"
wire-141,6,FOOT_INT,esp:J1.9 / GPIO16,foot:mikroBUS 15 / INT,foot:mikroBUS 15 / INT,Nearby listed GND lead/contact; common instrument ground,Foot INT1 uses mikroBUS pin 15 / INT to GPIO16. Verify active-high pulses at 200 Hz independently of shank; missing IRQ or FIFO overflow must remain visible.,"High-impedance 3.3 V-compatible probe; clip existing contact, no second jumper in an occupied hole; connect only after module qualification; no person attached"
wire-144,6,SHANK_CS,shank:mikroBUS 3 / CS,DIST1:c40,shank:mikroBUS 3 / CS,Nearby listed GND lead/contact; common instrument ground,Shank ICM chip select is GPIO15 to mikroBUS pin 3 / CS. Rotate only the shank carrier and confirm the shank stream identity.,"High-impedance 3.3 V-compatible probe; clip existing contact, no second jumper in an occupied hole; connect only after module qualification; no person attached"
wire-145,6,SHANK_INT,esp:J1.10 / GPIO17,shank:mikroBUS 15 / INT,shank:mikroBUS 15 / INT,Nearby listed GND lead/contact; common instrument ground,Shank INT1 uses mikroBUS pin 15 / INT to GPIO17. Verify active-high pulses at 200 Hz independently of foot; preserve independent startup times and counters.,"High-impedance 3.3 V-compatible probe; clip existing contact, no second jumper in an occupied hole; connect only after module qualification; no person attached"
wire-172,2,USB_PRESENT_N,esp:J3.18 / GPIO21,DIST1:c51,esp:J3.18 / GPIO21,Nearby listed GND lead/contact; common instrument ground,GPIO21 is LOW when external USB is attached and HIGH when absent; the diagnostic attachment indicator prints the inverse. USB VBUS is sense-only; leave both DevKit USB sockets empty.,"High-impedance 3.3 V-compatible probe; clip existing contact, no second jumper in an occupied hole; connect only after module qualification; no person attached"
wire-177,7,SD_CMD,esp:J3.17 / GPIO47,sd:JP1.5,sd:JP1.5,Nearby listed GND lead/contact; common instrument ground,SDMMC CMD is GPIO47 on the breadboard and Adafruit 4682 JP1.5. Select breadboard-sd-only-2ch or breadboard-record-2ch; the PCB image uses GPIO38.,"High-impedance 3.3 V-compatible probe; clip existing contact, no second jumper in an occupied hole; connect only after module qualification; no person attached"
wire-178,7,SD_CLK,esp:J3.9 / GPIO39,sd:JP1.3,sd:JP1.3,Nearby listed GND lead/contact; common instrument ground,SDMMC CLK is GPIO39 to Adafruit 4682 JP1.3. This is not SPI SD wiring. Keep the card supply stable and audit the original saved file.,"High-impedance 3.3 V-compatible probe; clip existing contact, no second jumper in an occupied hole; connect only after module qualification; no person attached"
wire-179,7,SD_D0,esp:J3.8 / GPIO40,sd:JP1.4,sd:JP1.4,Nearby listed GND lead/contact; common instrument ground,"SDMMC D0 is GPIO40 to Adafruit 4682 JP1.4. Use all five listed SD contacts, including GND. A wireless preview cannot establish SD persistence.","High-impedance 3.3 V-compatible probe; clip existing contact, no second jumper in an occupied hole; connect only after module qualification; no person attached"
