Reference,Value,MPN,Footprint,Assembly
U1,ESP32-S3-WROOM-1-N8R8,ESP32-S3-WROOM-1-N8R8,RF_Module:ESP32-S3-WROOM-1,Populate
C1,100nF,GRM188R71C104KA01D,Capacitor_SMD:C_0603_1608Metric,Populate
C2,10uF,GRM21BR61A106KE19L,Capacitor_SMD:C_0805_2012Metric,Populate
R1,10k,RC0603FR-0710KL,Resistor_SMD:R_0603_1608Metric,Populate
C3,1uF,GRM188R61A105KA61D,Capacitor_SMD:C_0603_1608Metric,Populate
R2,10k,RC0603FR-0710KL,Resistor_SMD:R_0603_1608Metric,Populate
R3,10k,RC0603FR-0710KL,Resistor_SMD:R_0603_1608Metric,Populate
SW2,BOOT,TL3342F160QG,Button_Switch_SMD:SW_SPST_TL3342,Populate
SW3,EN,TL3342F160QG,Button_Switch_SMD:SW_SPST_TL3342,Populate
SW4,BUTTON,TL3342F160QG,Button_Switch_SMD:SW_SPST_TL3342,Populate
J2,microSD,DM3AT-SF-PEJM5,Connector_Card:microSD_HC_Hirose_DM3AT-SF-PEJM5,Populate
R10,10k,RC0603FR-0710KL,Resistor_SMD:R_0603_1608Metric,Populate
R11,10k,RC0603FR-0710KL,Resistor_SMD:R_0603_1608Metric,Populate
R12,10k,RC0603FR-0710KL,Resistor_SMD:R_0603_1608Metric,Populate
R13,10k,RC0603FR-0710KL,Resistor_SMD:R_0603_1608Metric,Populate
R14,10k,RC0603FR-0710KL,Resistor_SMD:R_0603_1608Metric,Populate
R15,33,RC0603FR-0733RL,Resistor_SMD:R_0603_1608Metric,Populate
C10,100nF,GRM188R71C104KA01D,Capacitor_SMD:C_0603_1608Metric,Populate
C11,22uF,GRM21BR61A226ME44L,Capacitor_SMD:C_0805_2012Metric,Populate
J1,USB-C (battery powered),USB4105-GF-A,Connector_USB:USB_C_Receptacle_GCT_USB4105-xx-A_16P_TopMnt_Horizontal,Populate
R20,5.1k,RC0603FR-075K1L,Resistor_SMD:R_0603_1608Metric,Populate
R21,5.1k,RC0603FR-075K1L,Resistor_SMD:R_0603_1608Metric,Populate
R22,33,RC0603FR-0733RL,Resistor_SMD:R_0603_1608Metric,Populate
R23,33,RC0603FR-0733RL,Resistor_SMD:R_0603_1608Metric,Populate
R24,100k,RC0603FR-07100KL,Resistor_SMD:R_0603_1608Metric,Populate
R25,1M,RC0603FR-071ML,Resistor_SMD:R_0603_1608Metric,Populate
R26,10k,RC0603FR-0710KL,Resistor_SMD:R_0603_1608Metric,Populate
Q2,2N7002,"2N7002,215",Package_TO_SOT_SMD:SOT-23,Populate
C12,10nF,GRM188R71H103KA01D,Capacitor_SMD:C_0603_1608Metric,Populate
D1,USB ESD,USBLC6-2SC6,Package_TO_SOT_SMD:SOT-23-6,Populate
J3,FOOT MPU6050,BM08B-GHS-TBT(LF)(SN),Connector_JST:JST_GH_BM08B-GHS-TBT_1x08-1MP_P1.25mm_Vertical,Populate
J4,SHANK MPU6050,BM08B-GHS-TBT(LF)(SN),Connector_JST:JST_GH_BM08B-GHS-TBT_1x08-1MP_P1.25mm_Vertical,Populate
R30,10k,RC0603FR-0710KL,Resistor_SMD:R_0603_1608Metric,Populate
R31,10k,RC0603FR-0710KL,Resistor_SMD:R_0603_1608Metric,Populate
U2,AD7606BSTZ,AD7606BSTZ,Package_QFP:LQFP-64_10x10mm_P0.5mm,Populate
R33,10k,RC0603FR-0710KL,Resistor_SMD:R_0603_1608Metric,Populate
R40,10k,RC0603FR-0710KL,Resistor_SMD:R_0603_1608Metric,Populate
R41,10k,RC0603FR-0710KL,Resistor_SMD:R_0603_1608Metric,Populate
C30,1uF,GRM188R61A105KA61D,Capacitor_SMD:C_0603_1608Metric,Populate
U5,MCP6001T-I/OT,MCP6001T-I/OT,Package_TO_SOT_SMD:SOT-23-5,Populate
R42,100,RC0603FR-07100RL,Resistor_SMD:R_0603_1608Metric,Populate
C31,1uF,GRM188R61A105KA61D,Capacitor_SMD:C_0603_1608Metric,Populate
C32,100nF,GRM188R71C104KA01D,Capacitor_SMD:C_0603_1608Metric,Populate
U3,MCP6004T-I/ST,MCP6004T-I/ST,Package_SO:TSSOP-14_4.4x5mm_P0.65mm,Populate
U4,MCP6004T-I/ST,MCP6004T-I/ST,Package_SO:TSSOP-14_4.4x5mm_P0.65mm,Populate
C33,100nF,GRM188R71C104KA01D,Capacitor_SMD:C_0603_1608Metric,Populate
C34,100nF,GRM188R71C104KA01D,Capacitor_SMD:C_0603_1608Metric,Populate
J5,EMG1,BM03B-GHS-TBT(LF)(SN),Connector_JST:JST_GH_BM03B-GHS-TBT_1x03-1MP_P1.25mm_Vertical,Populate
R100,3.3k,RC0603FR-073K3L,Resistor_SMD:R_0603_1608Metric,Populate
R101,1M,RC0603FR-071ML,Resistor_SMD:R_0603_1608Metric,Populate
C100,47nF,GRM188R71H473KA61D,Capacitor_SMD:C_0603_1608Metric,Populate
D10,BAV199,"BAV199,215",Package_TO_SOT_SMD:SOT-23,Populate
R102,3.3k,RC0603FR-073K3L,Resistor_SMD:R_0603_1608Metric,Populate
C101,47nF,GRM188R71H473KA61D,Capacitor_SMD:C_0603_1608Metric,Populate
R104,100,RC0603FR-07100RL,Resistor_SMD:R_0603_1608Metric,Populate
C102,1nF,GRM1885C1H102JA01D,Capacitor_SMD:C_0603_1608Metric,Populate
J6,EMG2,BM03B-GHS-TBT(LF)(SN),Connector_JST:JST_GH_BM03B-GHS-TBT_1x03-1MP_P1.25mm_Vertical,Populate
R110,3.3k,RC0603FR-073K3L,Resistor_SMD:R_0603_1608Metric,Populate
R111,1M,RC0603FR-071ML,Resistor_SMD:R_0603_1608Metric,Populate
C110,47nF,GRM188R71H473KA61D,Capacitor_SMD:C_0603_1608Metric,Populate
D11,BAV199,"BAV199,215",Package_TO_SOT_SMD:SOT-23,Populate
R112,3.3k,RC0603FR-073K3L,Resistor_SMD:R_0603_1608Metric,Populate
C111,47nF,GRM188R71H473KA61D,Capacitor_SMD:C_0603_1608Metric,Populate
R114,100,RC0603FR-07100RL,Resistor_SMD:R_0603_1608Metric,Populate
C112,1nF,GRM1885C1H102JA01D,Capacitor_SMD:C_0603_1608Metric,Populate
J7,EMG3,BM03B-GHS-TBT(LF)(SN),Connector_JST:JST_GH_BM03B-GHS-TBT_1x03-1MP_P1.25mm_Vertical,Populate
R120,3.3k,RC0603FR-073K3L,Resistor_SMD:R_0603_1608Metric,Populate
R121,1M,RC0603FR-071ML,Resistor_SMD:R_0603_1608Metric,Populate
C120,47nF,GRM188R71H473KA61D,Capacitor_SMD:C_0603_1608Metric,Populate
D12,BAV199,"BAV199,215",Package_TO_SOT_SMD:SOT-23,Populate
R122,3.3k,RC0603FR-073K3L,Resistor_SMD:R_0603_1608Metric,Populate
C121,47nF,GRM188R71H473KA61D,Capacitor_SMD:C_0603_1608Metric,Populate
R124,100,RC0603FR-07100RL,Resistor_SMD:R_0603_1608Metric,Populate
C122,1nF,GRM1885C1H102JA01D,Capacitor_SMD:C_0603_1608Metric,Populate
J8,EMG4,BM03B-GHS-TBT(LF)(SN),Connector_JST:JST_GH_BM03B-GHS-TBT_1x03-1MP_P1.25mm_Vertical,Populate
R130,3.3k,RC0603FR-073K3L,Resistor_SMD:R_0603_1608Metric,Populate
R131,1M,RC0603FR-071ML,Resistor_SMD:R_0603_1608Metric,Populate
C130,47nF,GRM188R71H473KA61D,Capacitor_SMD:C_0603_1608Metric,Populate
D13,BAV199,"BAV199,215",Package_TO_SOT_SMD:SOT-23,Populate
R132,3.3k,RC0603FR-073K3L,Resistor_SMD:R_0603_1608Metric,Populate
C131,47nF,GRM188R71H473KA61D,Capacitor_SMD:C_0603_1608Metric,Populate
R134,100,RC0603FR-07100RL,Resistor_SMD:R_0603_1608Metric,Populate
C132,1nF,GRM1885C1H102JA01D,Capacitor_SMD:C_0603_1608Metric,Populate
J9,PROTECTED 1S BATTERY,BM02B-GHS-TBT(LF)(SN),Connector_JST:JST_GH_BM02B-GHS-TBT_1x02-1MP_P1.25mm_Vertical,Populate
Q1,DMP2035U,DMP2035U-7,Package_TO_SOT_SMD:SOT-23,Populate
SW1,POWER,JS102011SAQN,Button_Switch_SMD:SW_SPDT_CK_JS102011SAQN,Populate
U6,TPS63070RNMR,TPS63070RNMR,RevB:TI_RNM0015A,Populate
L1,1.5uH,XAL4020-152MEC,Inductor_SMD:L_Coilcraft_XAL4020-XXX,Populate
C40,22uF,GRM21BR61A226ME44L,Capacitor_SMD:C_0805_2012Metric,Populate
C41,22uF,GRM21BR61A226ME44L,Capacitor_SMD:C_0805_2012Metric,Populate
C42,22uF,GRM21BR61A226ME44L,Capacitor_SMD:C_0805_2012Metric,Populate
C43,100nF,GRM188R71C104KA01D,Capacitor_SMD:C_0603_1608Metric,Populate
R50,316k,RC0603FR-07316KL,Resistor_SMD:R_0603_1608Metric,Populate
R51,100k,RC0603FR-07100KL,Resistor_SMD:R_0603_1608Metric,Populate
R52,100k,RC0603FR-07100KL,Resistor_SMD:R_0603_1608Metric,Populate
R53,100k,RC0603FR-07100KL,Resistor_SMD:R_0603_1608Metric,Populate
R54,100k,RC0603FR-07100KL,Resistor_SMD:R_0603_1608Metric,Populate
C44,100nF,GRM188R71C104KA01D,Capacitor_SMD:C_0603_1608Metric,Populate
U7,TPS7A2030PDBVR,TPS7A2030PDBVR,Package_TO_SOT_SMD:SOT-23-5,Populate
C45,1uF,GRM188R61A105KA61D,Capacitor_SMD:C_0603_1608Metric,Populate
C46,1uF,GRM188R61A105KA61D,Capacitor_SMD:C_0603_1608Metric,Populate
R60,1k,RC0603FR-071KL,Resistor_SMD:R_0603_1608Metric,Populate
D20,green,LTST-C190KGKT,LED_SMD:LED_0603_1608Metric,Populate
R61,1k,RC0603FR-071KL,Resistor_SMD:R_0603_1608Metric,Populate
D21,red,LTST-C190KRKT,LED_SMD:LED_0603_1608Metric,Populate
R62,1k,RC0603FR-071KL,Resistor_SMD:R_0603_1608Metric,Populate
D22,amber,LTST-C190KSKT,LED_SMD:LED_0603_1608Metric,Populate
J10,Expansion,BM06B-GHS-TBT(LF)(SN),Connector_JST:JST_GH_BM06B-GHS-TBT_1x06-1MP_P1.25mm_Vertical,Populate
H1,M2 mounting,MECHANICAL,MountingHole:MountingHole_2.2mm_M2,Mechanical
H2,M2 mounting,MECHANICAL,MountingHole:MountingHole_2.2mm_M2,Mechanical
H3,M2 mounting,MECHANICAL,MountingHole:MountingHole_2.2mm_M2,Mechanical
C200,100nF,GRM188R71C104KA01D,Capacitor_SMD:C_0603_1608Metric,Populate
C201,100nF,GRM188R71C104KA01D,Capacitor_SMD:C_0603_1608Metric,Populate
C202,100nF,GRM188R71C104KA01D,Capacitor_SMD:C_0603_1608Metric,Populate
C203,10uF,GRM21BR61A106KE19L,Capacitor_SMD:C_0805_2012Metric,Populate
C204,100nF,GRM188R71C104KA01D,Capacitor_SMD:C_0603_1608Metric,Populate
C205,1uF,GRM188R61A105KA61D,Capacitor_SMD:C_0603_1608Metric,Populate
C206,1uF,GRM188R61A105KA61D,Capacitor_SMD:C_0603_1608Metric,Populate
C207,10uF,GRM21BR61A106KE19L,Capacitor_SMD:C_0805_2012Metric,Populate
C208,10uF,GRM21BR61A106KE19L,Capacitor_SMD:C_0805_2012Metric,Populate
U8,TPS60150DRVR,TPS60150DRVR,RevB:TPS60150_DRV0006D,Populate
C210,2.2uF,GRM188R61A225KE15D,Capacitor_SMD:C_0603_1608Metric,Populate
C211,2.2uF,GRM188R61A225KE15D,Capacitor_SMD:C_0603_1608Metric,Populate
C212,1uF,GRM188R61A105KA61D,Capacitor_SMD:C_0603_1608Metric,Populate
