stage,reference,item,manufacturer,proposed_part_number,quantity,status,revision,photo_front,photo_back,verified_pinout_source,notes
1,R40,10k,,10k,1,,,,,,board BB0; DIP/passive fixture; check package pinout
1,R41,10k,,10k,1,,,,,,board BB0; DIP/passive fixture; check package pinout
1,C30,1uF,,1uF,1,,,,,,board BB0; DIP/passive fixture; check package pinout
1,R42,100,,100,1,,,,,,board BB0; DIP/passive fixture; check package pinout
1,C31,1uF,,1uF,1,,,,,,board BB0; DIP/passive fixture; check package pinout
1,UB0,MCP6002-I/P midpoint; half B grounded follower,Microchip,MCP6002-I/P midpoint; half B grounded follower,1,,,,,,board BB0; DIP/passive fixture; check package pinout
1,CB0,100nF,,100nF,1,,,,,,board BB0; DIP/passive fixture; check package pinout
1,,Regulated supply + dummy loads,,Regulated supply + dummy loads,1,,,,,,Lab instrument substitution; final power converter unvalidated
1,"BB0-BB2, AUX1, AUX2, DIST1",6 × BusBoard BB830 breadboard,BusBoard Prototype Systems,6 × BusBoard BB830 breadboard,6,,,,,,63 rows; long power rails unused
1,reg5,Pololu 4082 S13V30F5 5 V regulator,Pololu,Pololu 4082 S13V30F5 5 V regulator,1,,,,,,Lab power module; not PCB converter validation
1,reg3,Pololu 4980 S13V25F3 3.3 V regulator,Pololu,Pololu 4980 S13V25F3 3.3 V regulator,1,,,,,,Do not parallel with the DevKit 3.3 V output
1,ldo,TPS7A2030PDBVR analog LDO on Adafruit 1230 carrier,Adafruit,TPS7A2030PDBVR analog LDO on Adafruit 1230 carrier,1,,,,,,Specified pad/header mapping; solder local bypass
1,cap-2,1uF LDO input capacitor,,1uF LDO input capacitor,1,,,,,,Solder at the LDO input
1,cap-3,1uF LDO output capacitor,,1uF LDO output capacitor,1,,,,,,Solder at the LDO output
1,power-switch,POWER switch (SPST),,POWER switch (SPST),1,,,,,,Rated for the battery and lab-supply current
2,,Espressif ESP32-S3-DevKitC-1 N8R8,Espressif,Espressif ESP32-S3-DevKitC-1 N8R8,1,,,,,,Exact board; both USB sockets stay empty
2,button,Start/stop pushbutton (normally open),,Start/stop pushbutton (normally open),1,,,,,,
2,button-pullup,10k,,10k,1,,,,,,board AUX1; Button pull-up
2,rec-r,1k,,1k,1,,,,,,board AUX1; Recording LED resistor
2,rec-led,Green LED,,Green LED,1,,,,,,board AUX1; Recording LED; check anode orientation
2,err-r,1k,,1k,1,,,,,,board AUX1; Error LED resistor
2,err-led,Red LED,,Red LED,1,,,,,,board AUX1; Error LED; check anode orientation
2,low-r,1k,,1k,1,,,,,,board AUX1; Battery LED resistor
2,low-led,Amber LED,,Amber LED,1,,,,,,board AUX1; Battery LED; check anode orientation
2,bat-r-top,100k,,100k,1,,,,,,board AUX1; Battery divider top
2,bat-r-low,100k,,100k,1,,,,,,board AUX1; Battery divider bottom
2,bat-cap,100nF,,100nF,1,,,,,,board AUX1; Battery sense filter
2,usb,Adafruit 1833 USB inlet,Adafruit,Adafruit 1833 USB inlet,1,,,,,,External inlet; VBUS is sense-only
2,usb-dm-r,33 ohm inline resistor,,33 ohm inline resistor,1,,,,,,USB D- series resistor
2,usb-dp-r,33 ohm inline resistor,,33 ohm inline resistor,1,,,,,,USB D+ series resistor
2,usb-r,100k,,100k,1,,,,,,board AUX1; VBUS sense resistor
2,usb-pd,1M,,1M,1,,,,,,board AUX2; 2N7002 gate pull-down
2,usb-pu,10k,,10k,1,,,,,,board AUX2; GPIO21 USB-sense pull-up; recording firmware has no internal pull-up
2,usb-q,2N7002 on SOT-23 adapter,Nexperia or equivalent,2N7002 on SOT-23 adapter,1,,,,,,USB-sense transistor; adapter pad-to-header mapping in build guide
3,adc,RoboticsBD RBD-3184 / HW-AD7606-F4,RoboticsBD,RoboticsBD RBD-3184 / HW-AD7606-F4,1,,,,,,"Qualify straps, VIO and AVCC before signal wiring"
3,adc-cs-pullup,10k,,10k,1,,,,,,board AUX1; ADC CS pull-up
4,R100,3.3k,,3.3k,1,,,,,,board BB1; DIP/passive fixture; check package pinout
4,R101,1M,,1M,1,,,,,,board BB1; DIP/passive fixture; check package pinout
4,C100,47nF,,47nF,1,,,,,,board BB1; DIP/passive fixture; check package pinout
4,R102,3.3k,,3.3k,1,,,,,,board BB1; DIP/passive fixture; check package pinout
4,C101,47nF,,47nF,1,,,,,,board BB1; DIP/passive fixture; check package pinout
4,R104,100,,100,1,,,,,,board BB1; DIP/passive fixture; check package pinout
4,C102,1nF,,1nF,1,,,,,,board BB1; DIP/passive fixture; check package pinout
4,UB1,MCP6002-I/P DIP8; same amplifier family as PCB MCP6004,Microchip,MCP6002-I/P DIP8; same amplifier family as PCB MCP6004,1,,,,,,board BB1; DIP/passive fixture; check package pinout
4,CB1,100nF local bypass,,100nF local bypass,1,,,,,,board BB1; DIP/passive fixture; check package pinout
4,clamp1,BAV199 on SOT-23 adapter (EMG1 input protection),Nexperia or equivalent,BAV199 on SOT-23 adapter (EMG1 input protection),1,,,,,,Adapter pad-to-header mapping in build guide
5,R110,3.3k,,3.3k,1,,,,,,board BB2; DIP/passive fixture; check package pinout
5,R111,1M,,1M,1,,,,,,board BB2; DIP/passive fixture; check package pinout
5,C110,47nF,,47nF,1,,,,,,board BB2; DIP/passive fixture; check package pinout
5,R112,3.3k,,3.3k,1,,,,,,board BB2; DIP/passive fixture; check package pinout
5,C111,47nF,,47nF,1,,,,,,board BB2; DIP/passive fixture; check package pinout
5,R114,100,,100,1,,,,,,board BB2; DIP/passive fixture; check package pinout
5,C112,1nF,,1nF,1,,,,,,board BB2; DIP/passive fixture; check package pinout
5,UB2,MCP6002-I/P DIP8; same amplifier family as PCB MCP6004,Microchip,MCP6002-I/P DIP8; same amplifier family as PCB MCP6004,1,,,,,,board BB2; DIP/passive fixture; check package pinout
5,CB2,100nF local bypass,,100nF local bypass,1,,,,,,board BB2; DIP/passive fixture; check package pinout
5,clamp2,BAV199 on SOT-23 adapter (EMG2 input protection),Nexperia or equivalent,BAV199 on SOT-23 adapter (EMG2 input protection),1,,,,,,Adapter pad-to-header mapping in build guide
6,"foot, shank",2 × MIKROE-4237 6DOF IMU 14 Click (ICM-42688-P),MikroElektronika,2 × MIKROE-4237 6DOF IMU 14 Click (ICM-42688-P),2,,,,,,Set SPI jumpers; SKU and orientation photographed at stage 0
6,foot-pullup,10k,,10k,1,,,,,,board AUX1; Foot IMU CS pull-up
6,shank-pullup,10k,,10k,1,,,,,,board AUX1; Shank IMU CS pull-up
7,sd,Adafruit 4682 microSD breakout (3.3 V),Adafruit,Adafruit 4682 microSD breakout (3.3 V),1,,,,,,SDIO wiring; keep the breakout pull-ups
7,card,microSD card,,microSD card,1,,,,,,"Record make, model, capacity, speed class and filesystem; keep expendable cards for fault tests"
9,battery,"Adafruit 328 protected 1S LiPo, 2500 mAh",Adafruit,"Adafruit 328 protected 1S LiPo, 2500 mAh",1,,,,,,Check connector polarity; charge externally only
10,"myo1, myo2",2 × MyoWare 2.0 bare sensors (RAW output),Advancer Technologies / SparkFun,2 × MyoWare 2.0 bare sensors (RAW output),2,,,,,,VIN/GND/RAW pads; ENV/RECT unused; sensor integration last
0,,Digital multimeter,,,1,,,,,,"Model, calibration date and uncertainty"
0,,Oscilloscope with 20 MHz bandwidth limit,,,1,,,,,,"Rail ripple, startup and analog traces"
0,,"Logic analyzer, at least 8 channels",,,1,,,,,,"CONVST/BUSY/CS/SCLK/DOUTA, IMU SPI and INT1 captures"
0,,Signal generator,,,1,,,,,,Keep output within 0.1-2.9 V including turn-on
0,,Current-limited bench supply,,,1,,,,,,Stage 1 and bench tests; never with a person attached
0,,"Dummy loads (11 ohm 2 W, 100 ohm 0.5 W, 60 ohm 0.5 W)",,,1,,,,,,Stage 1 rail loading; measure actual resistance
0,,Expendable microSD cards,,,1,,,,,,Stage 7 full-card and interrupted-write tests
